Round,Transect,Quad,Species,Number on slide,Total pollen count,Heterospecific pollen yes/no,Heterospecific pollen count,
1,BD21,30,EUCCHR,1,41,no,0,
1,BD21,30,EUCCHR,2,34,no,0,
1,BD21,30,EUCCHR,3,23,no,0,
1,BD21,30,EUCCHR,4,69,no,0,
1,BD21,30,EUCCHR,5,48,no,0,
1,BD21,5,SALMEL,1,0,no,0,
1,BD21,5,SALMEL,2,11,no,0,
1,BD21,5,SALMEL,3,1,no,0,
1,BD21,5,SALMEL,4,1,no,0,
1,BD21,5,SALMEL,5,7,no,0,
1,BD21,5,SALMEL,6,0,no,0,
1,BD21,10,SALMEL,1,9,no,0,
1,BD21,10,SALMEL,2,16,no,0,
1,BD21,10,SALMEL,3,23,no,0,
1,BD21,10,SALMEL,4,20,no,0,
1,BD21,10,SALMEL,5,23,no,0,
1,BD21,10,SALMEL,6,1,no,0,
1,BD21,10,SALMEL,7,4,no,0,
1,BD21,10,SALMEL,8,2,no,0,
1,BD21,10,SALMEL,9,13,no,0,
1,BD21,35,SALMEL,1,1,no,0,
1,BD21,35,SALMEL,2,1,no,0,
1,BD21,35,SALMEL,3,2,no,0,
1,BD21,35,SALMEL,4,19,no,0,
1,BD21,35,SALMEL,5,71,no,0,
1,BD21,35,SALMEL,6,11,no,0,
1,BD21,35,SALMEL,7,5,no,0,
1,BD21,40,SALMEL,1,7,no,0,
1,BD21,40,SALMEL,2,3,no,0,
1,BD21,40,SALMEL,3,3,no,0,
1,BD21,40,SALMEL,4,4,no,0,
1,BD21,40,SALMEL,5,6,no,0,
2,BD21,25,PHACIC,1,0,no,0,
2,BD21,25,PHACIC,1,2,no,0,
2,BD21,25,PHACIC,1,0,no,0,
2,BD21,25,PHACIC,2,1,no,0,
2,BD21,25,PHACIC,2,22,no,0,
2,BD21,25,PHACIC,2,2,no,0,
2,BD21,25,PHACIC,3,6,no,0,
2,BD21,25,PHACIC,3,2,no,0,
2,BD21,25,PHACIC,3,13,no,0,
2,BD21,0,SALMEL,1,1,no,0,
2,BD21,0,SALMEL,2,0,no,0,
2,BD21,0,SALMEL,3,1,no,0,
2,BD21,0,SALMEL,4,30,no,0,
2,BD21,0,SALMEL,5,5,no,0,
2,BD21,5,SALMEL,1,20,no,0,
2,BD21,5,SALMEL,2,0,no,0,
2,BD21,5,SALMEL,3,97,no,0,
2,BD21,5,SALMEL,4,9,no,0,
2,BD21,5,SALMEL,5,10,no,0,
2,BD21,5,SALMEL,6,4,no,0,
2,BD21,5,SALMEL,7,5,no,0,
2,BD21,5,SALMEL,8,1,no,0,
2,BD21,5,SALMEL,9,7,no,0,
2,BD21,20,SALMEL,1,11,no,0,
2,BD21,20,SALMEL,2,18,no,0,
2,BD21,20,SALMEL,3,2,no,0,
2,BD21,20,SALMEL,4,8,no,0,
2,BD21,20,SALMEL,5,2,no,0,
2,BD21,20,SALMEL,6,4,no,0,
2,BD21,20,SALMEL,7,12,no,0,
2,BD21,25,SALMEL,1,3,no,0,
2,BD21,25,SALMEL,2,179,no,0,
2,BD21,25,SALMEL,3,5,no,0,
2,BD21,40,SALMEL,1,49,no,0,
2,BD21,40,SALMEL,2,6,no,0,
2,BD21,40,SALMEL,3,0,no,0,
2,BD21,40,SALMEL,4,41,no,0,
2,BD21,40,SALMEL,5,12,no,0,
2,BD21,41,SALMEL,1,10,no,0,
2,BD21,41,SALMEL,2,6,no,0,
2,BD21,41,SALMEL,3,1,no,0,
2,BD21,41,SALMEL,4,22,no,0,
2,BD21,41,SALMEL,5,8,no,0,
2,BD21,45,SALMEL,1,0,no,0,
2,BD21,45,SALMEL,2,1,no,0,
2,BD21,45,SALMEL,3,0,no,0,
2,BD21,45,SALMEL,4,5,no,0,
2,BD21,45,SALMEL,5,0,no,0,
3,BD21,30,PHACIC,1,9,no,0,
3,BD21,30,PHACIC,2,6,no,0,
3,BD21,30,PHACIC,3,43,no,0,
3,BD21,0,SALMEL,1,18,no,0,
3,BD21,0,SALMEL,2,1,no,0,
3,BD21,0,SALMEL,3,1,no,0,
3,BD21,0,SALMEL,4,3,no,0,
3,BD21,0,SALMEL,5,0,no,0,
3,BD21,0,SALMEL,6,2,no,0,
3,BD21,0,SALMEL,7,3,no,0,
3,BD21,0,SALMEL,8,2,no,0,
3,BD21,0,SALMEL,9,2,no,0,
3,BD21,5,SALMEL,1,47,no,0,
3,BD21,5,SALMEL,2,3,no,0,
3,BD21,5,SALMEL,3,1,no,0,
3,BD21,10,SALMEL,1,2,no,0,
3,BD21,10,SALMEL,2,5,no,0,
3,BD21,10,SALMEL,3,9,no,0,
3,BD21,10,SALMEL,4,4,no,0,
3,BD21,10,SALMEL,5,2,no,0,
3,BD21,10,SALMEL,6,0,no,0,
3,BD21,15,SALMEL,1,1,no,0,
3,BD21,15,SALMEL,2,7,no,0,
3,BD21,15,SALMEL,3,5,no,0,
3,BD21,15,SALMEL,4,8,no,0,
3,BD21,20,SALMEL,1,6,no,0,
3,BD21,20,SALMEL,2,14,no,0,
3,BD21,20,SALMEL,3,12,no,0,
3,BD21,20,SALMEL,4,20,no,0,
3,BD21,20,SALMEL,5,7,no,0,
3,BD21,20,SALMEL,6,22,no,0,
3,BD21,20,SALMEL,7,0,no,0,
3,BD21,20,SALMEL,8,6,no,0,
3,BD21,30,SALMEL,1,0,no,0,
3,BD21,30,SALMEL,2,8,no,0,
3,BD21,30,SALMEL,3,0,no,0,
3,BD21,30,SALMEL,4,3,yes,1,
3,BD21,30,SALMEL,5,0,no,0,
3,BD21,30,SALMEL,6,2,no,0,
3,BD21,30,SALMEL,7,0,no,0,
3,BD21,30,SALMEL,8,4,yes,1,
3,BD21,30,SALMEL,9,3,no,0,
3,BD21,35,SALMEL,1,12,no,0,
3,BD21,35,SALMEL,2,33,no,0,
3,BD21,35,SALMEL,3,5,no,0,
3,BD21,35,SALMEL,4,12,no,0,
3,BD21,40,SALMEL,1,10,no,0,
3,BD21,40,SALMEL,2,4,no,0,
3,BD21,40,SALMEL,3,0,no,0,
3,BD21,40,SALMEL,4,0,no,0,
3,BD21,40,SALMEL,5,4,no,0,
3,BD21,45,SALMEL,1,49,no,0,
3,BD21,45,SALMEL,2,0,no,0,
3,BD21,45,SALMEL,3,18,no,0,
3,BD21,45,SALMEL,4,7,no,0,
3,BD21,45,SALMEL,5,15,no,0,
3,BD21,45,SALMEL,6,11,no,0,
3,BD21,45,SALMEL,7,7,no,0,
3,BD21,45,SALMEL,8,0,no,0,
3,BD21,45,SALMEL,9,11,no,0,
3,BD21,45,SALMEL,10,52,no,0,
1,BKR07,10,EROCIC,1,26,no,0,
1,BKR07,15,EROCIC,1,30,no,0,
1,BKR07,35,EROCIC,1,96,no,0,
1,BKR07,45,EROCIC,1,163,no,0,
1,BKR07,45,EROCIC,2,85,no,0,
1,BKR07,45,EROCIC,3,52,no,0,
1,BKR07,45,EROCIC,4,64,no,0,
1,BKR07,,EROCIC,1,75,yes,15,
1,BKR07,,EROCIC,2,42,no,0,
1,BKR07,,EROCIC,3,15,no,0,
1,BKR07,35,GILANG,1,97,no,0,
1,BKR07,4,SOLXAN,1,150,no,0,
1,BKR07,4,SOLXAN,2,140,no,0,
1,BKR07,4,SOLXAN,3,230,yes,5,
2,BKR07,,SOLXAN,1,240,yes,5,
2,BKR07,,SOLXAN,2,470,no,0,
2,BKR07,,SOLXAN,3,52,no,0,
2,BKR07,,SOLXAN,4,70,yes,1,
2,BKR07,,SOLXAN,5,380,no,0,
3,BKR07,4,EROCIC,1,26,no,0,
3,BKR07,4,EROCIC,2,76,no,0,
3,BKR07,4,EROCIC,3,0,no,0,
3,BKR07,4,EROCIC,4,26,no,0,
3,BKR07,4,EROCIC,5,98,no,0,
3,BKR07,4,EROCIC,6,0,no,0,
3,BKR07,4,EROCIC,7,0,no,0,
3,BKR07,4,EROCIC,8,0,no,0,
3,BKR07,4,EROCIC,9,0,no,0,
3,BKR07,4,EROCIC,10,0,no,0,
3,BKR07,4,EROCIC,11,1,no,0,
3,BKR07,10,EROCIC,1,4,yes,4,
3,BKR07,10,EROCIC,2,17,no,0,
3,BKR07,10,EROCIC,3,56,no,0,
1,BKR10,25,HIRINC,1,423,no,0,
1,BKR10,25,HIRINC,2,361,no,0,
1,BKR10,25,HIRINC,3,335,no,0,
1,BKR10,50,SOLXAN,1,1200,no,0,
1,BKR10,50,SOLXAN,2,280,no,0,
1,BKR10,50,SOLXAN,3,900,no,0,
1,BKR10,50,SOLXAN,4,190,no,0,
1,BKR10,50,SOLXAN,5,160,no,0,
1,BKR10,50,SOLXAN,6,700,no,0,
2,BKR10,0,EROBOT,1,68,no,0,
2,BKR10,0,EROBOT,2,29,no,0,
2,BKR10,0,EROBOT,3,52,no,0,
2,BKR10,0,EROBOT,4,66,no,0,
2,BKR10,0,EROBOT,5,54,no,0,
2,BKR10,0,EROBOT,6,46,no,0,
2,BKR10,0,EROBOT,8,46,no,0,
2,BKR10,0,EROBOT,9,61,no,0,
2,BKR10,0,EROBOT,10,22,no,0,
2,BKR10,0,EROBOT,11,50,no,0,
2,BKR10,5,EROBOT,1,110,no,0,
2,BKR10,5,EROBOT,2,54,no,0,
2,BKR10,10,EROBOT,1,82,no,0,
2,BKR10,10,EROBOT,3,93,no,0,
2,BKR10,35,EROCIC,1,99,no,0,
2,BKR10,35,EROCIC,2,64,no,0,
2,BKR10,35,EROCIC,3,1,no,0,
2,BKR10,35,EROCIC,4,0,no,0,
2,BKR10,35,EROCIC,5,7,no,0,
2,BKR10,,EROMOS,1,67,no,0,
2,BKR10,,EROMOS,2,122,yes,20,
2,BKR10,,EROMOS,3,56,no,0,
2,BKR10,,EROMOS,4,16,yes,1,
2,BKR10,,EROMOS,5,1,no,0,
2,BKR10,45,SALMEL,1,2,no,0,
2,BKR10,45,SALMEL,2,0,no,0,
2,BKR10,45,SALMEL,3,2,no,0,
2,BKR10,45,SALMEL,4,7,no,0,
2,BKR10,45,SALMEL,5,6,no,0,
2,BKR10,45,SALMEL,6,0,no,0,
2,BKR10,45,SALMEL,7,3,no,0,
2,BKR10,45,SALMEL,8,1,no,0,
2,BKR10,45,SALMEL,9,0,no,0,
2,BKR10,45,SALMEL,10,0,no,0,
2,BKR10,45,SALMEL,11,2,no,0,
2,BKR10,45,SALMEL,12,1,no,0,
2,BKR10,45,SALMEL,13,0,no,0,
2,BKR10,45,SALMEL,14,1,no,0,
3,BKR10,20,BRANIG,1,82,no,0,
3,BKR10,20,BRANIG,2,88,no,0,
3,BKR10,20,BRANIG,3,60,no,0,
3,BKR10,20,BRANIG,4,165,no,0,
3,BKR10,20,BRANIG,6,176,no,0,
3,BKR10,20,BRANIG,7,299,no,0,
3,BKR10,20,BRANIG,8,367,no,0,
3,BKR10,20,BRANIG,9,166,no,0,
3,BKR10,25,BRANIG,1,189,no,0,
3,BKR10,25,BRANIG,2,305,no,0,
3,BKR10,45,SALMEL,1,1,no,0,
3,BKR10,45,SALMEL,2,5,no,0,
3,BKR10,45,SALMEL,3,0,no,0,
3,BKR10,45,SALMEL,4,3,no,0,
3,BKR10,45,SALMEL,5,2,yes,2,
3,BKR10,45,SALMEL,6,13,no,0,
3,BKR10,45,SALMEL,7,1,no,0,
3,BKR10,45,SALMEL,9,17,no,0,
3,BKR10,45,SALMEL,10,0,no,0,
1,GYP01,,EROBOT,1,94,no,0,
1,GYP01,,EROBOT,2,81,no,0,
1,GYP01,,EROBOT,3,73,no,0,
1,GYP01,,EROBOT,4,37,no,0,
1,GYP01,,EROBOT,5,91,no,0,
1,GYP01,,EROBOT,6,51,no,0,
1,GYP01,,EROBOT,7,65,no,0,
1,GYP01,,EROCIC,1,0,no,0,
1,GYP01,,EROCIC,1,78,no,0,
1,GYP01,,EROCIC,2,29,no,0,
1,GYP01,,EROCIC,2,109,no,0,
1,GYP01,,EROCIC,3,14,no,0,
1,GYP01,,EROCIC,3,81,no,0,
1,GYP01,,EROCIC,4,14,no,0,
1,GYP01,,EROCIC,4,42,no,0,
1,GYP01,,EROCIC,5,74,no,0,
1,GYP01,,EROCIC,5,56,no,0,
1,GYP01,,EROCIC,6,61,no,0,
1,GYP01,,EROCIC,6,35,no,0,
1,GYP01,,EROCIC,7,60,no,0,
1,GYP01,,EROCIC,8,3,no,0,
1,GYP01,,EROCIC,9,93,no,0,
1,GYP01,,EROCIC,10,67,no,0,
1,GYP01,45,EUCCHR,1,8,no,0,
1,GYP01,45,EUCCHR,2,19,no,0,
1,GYP01,45,EUCCHR,3,20,yes,1,
1,GYP01,45,EUCCHR,4,3,no,0,
1,GYP01,45,EUCCHR,5,7,no,0,
1,GYP01,45,EUCCHR,6,29,yes,2,
1,GYP01,45,EUCCHR,7,25,no,0,
1,GYP01,45,EUCCHR,8,22,yes,1,
1,GYP01,45,EUCCHR,9,10,no,0,
1,GYP01,,GILANG,1,81,no,0,
1,GYP01,,GILANG,2,27,no,0,
1,GYP01,,GILANG,3,123,no,0,
1,GYP01,,GILANG,4,26,no,0,
1,GYP01,,GILANG,5,53,no,0,
1,GYP01,,GILANG,6,1,no,0,
1,GYP01,,GILANG,7,391,yes,1,
1,GYP01,,GILANG,8,253,no,0,
1,GYP01,,LUPBIC,1,38,no,0,
1,GYP01,,LUPBIC,2,45,no,0,
1,GYP01,,LUPBIC,3,14,no,0,
1,GYP01,,LUPBIC,4,55,no,0,
1,GYP01,,LUPBIC,5,72,no,0,
1,GYP01,,LUPBIC,6,54,no,0,
1,GYP01,,LUPBIC,7,75,no,0,
1,GYP01,0,SOLXAN,1,76,yes,1,
1,GYP01,0,SOLXAN,2,34,no,0,
1,GYP01,0,SOLXAN,2,329,no,0,
1,GYP01,0,SOLXAN,3,246,no,0,
1,GYP01,0,SOLXAN,4,311,no,0,
1,GYP01,0,SOLXAN,5,60,no,0,
1,GYP01,0,SOLXAN,6,141,yes,1,
1,GYP01,,SOLXAN,1,246,no,0,
1,GYP01,,SOLXAN,2,31,no,0,
1,GYP01,,SOLXAN,3,30,no,0,
1,GYP01,,SOLXAN,4,88,no,0,
1,GYP01,,SOLXAN,5,95,no,0,
1,GYP02,45,EUCCHR,1,55,no,0,
1,GYP02,45,EUCCHR,2,34,no,0,
1,GYP02,45,EUCCHR,3,123,no,0,
1,GYP02,45,EUCCHR,4,27,no,0,
1,GYP02,45,EUCCHR,5,58,no,0,
1,GYP02,45,EUCCHR,6,47,no,0,
1,GYP02,45,EUCCHR,7,44,no,0,
1,GYP02,45,EUCCHR,8,68,no,0,
1,GYP02,45,EUCCHR,9,29,no,0,
1,GYP02,,EUCCHR,1,58,no,0,
1,GYP02,,EUCCHR,2,19,no,0,
1,GYP02,,EUCCHR,3,59,no,0,
1,GYP02,,EUCCHR,4,56,no,0,
1,GYP02,,EUCCHR,5,65,no,0,
1,GYP02,,EUCCHR,6,46,no,0,
2,GYP02,,CALMAC,1,274,no,0,
2,GYP02,15,SALMEL,6,7,no,0,
2,GYP02,15,SALMEL,7,0,no,0,
2,GYP02,15,SALMEL,8,2,no,0,
2,GYP02,15,SALMEL,9,13,no,0,
2,GYP02,15,SALMEL,10,0,no,0,
2,GYP02,15,SALMEL,11,0,no,0,
2,GYP02,15,SALMEL,12,1,no,0,
3,GYP02,45,BRANIG,1,380,no,0,
3,GYP02,45,BRANIG,2,229,no,0,
3,GYP02,45,BRANIG,3,159,no,0,
3,GYP02,45,BRANIG,4,305,no,0,
3,GYP02,45,BRANIG,5,336,no,0,
3,GYP02,,BRANIG,1,303,no,0,
3,GYP02,,BRANIG,2,284,no,0,
3,GYP02,15,CALMAC,1,85,yes,3,
3,GYP02,15,CALMAC,2,43,yes,8,
3,GYP02,10,SALMEL,1,10,no,0,
3,GYP02,10,SALMEL,2,0,no,0,
3,GYP02,40,SALMEL,1,1,no,0,
3,GYP02,40,SALMEL,2,1,no,0,
3,GYP02,40,SALMEL,3,31,no,0,
3,GYP02,40,SALMEL,4,0,no,0,
3,GYP02,40,SALMEL,5,2,no,0,
3,GYP02,40,SALMEL,6,0,no,0,
3,GYP02,40,SALMEL,7,0,no,0,
3,GYP02,40,SALMEL,8,0,no,0,
3,GYP02,40,SALMEL,9,2,no,0,
3,GYP02,45,SALMEL,1,0,no,0,
3,GYP02,45,SALMEL,2,4,no,0,
3,GYP02,45,SALMEL,3,1,no,0,
3,GYP02,45,SALMEL,4,3,no,1,
3,GYP02,45,SALMEL,5,1,no,0,
3,GYP02,45,SALMEL,6,1,no,0,
3,GYP02,45,SALMEL,7,0,no,0,
3,GYP02,45,SALMEL,8,5,no,0,
3,GYP02,45,SALMEL,9,0,no,0,
3,GYP02,45,SALMEL,10,1,no,0,
1,GYP04,45,AMSMEN,1,65,yes,1,
1,GYP04,45,AMSMEN,2,118,no,0,
1,GYP04,45,AMSMEN,3,27,yes,4,
1,GYP04,45,AMSMEN,4,10,yes,1,
1,GYP04,45,AMSMEN,5,30,yes,1,
1,GYP04,45,AMSMEN,6,14,no,0,
1,GYP04,45,AMSMEN,7,14,yes,3,
1,GYP04,30,PHACIC,1,108,no,0,
1,GYP04,30,PHACIC,2,0,no,0,
1,GYP04,30,PHACIC,3,39,no,0,
1,GYP04,30,PHACIC,4,6,yes,1,
1,GYP04,10,SALMEL,1,0,no,0,
1,GYP04,10,SALMEL,2,0,no,0,
1,GYP04,10,SALMEL,3,0,no,0,
1,GYP04,10,SALMEL,4,0,no,0,
1,GYP04,10,SALMEL,5,0,no,0,
1,GYP04,10,SALMEL,6,10,no,0,
1,GYP04,10,SALMEL,7,19,no,0,
1,GYP04,10,SALMEL,8,0,no,0,
1,GYP04,10,SALMEL,9,5,no,0,
1,GYP04,20,SALMEL,1,1,yes,1,
1,GYP04,20,SALMEL,2,3,no,0,
1,GYP04,20,SALMEL,3,0,no,0,
1,GYP04,20,SALMEL,4,2,no,0,
1,GYP04,20,SALMEL,5,0,no,0,
1,GYP04,20,SALMEL,6,10,no,0,
1,GYP04,20,SALMEL,7,0,no,0,
1,GYP04,20,SALMEL,8,1,no,0,
2,GYP04,30,PHACIC,1,22,no,0,
2,GYP04,30,PHACIC,2,2,no,0,
2,GYP04,30,PHACIC,3,7,no,0,
2,GYP04,30,PHACIC,4,1,no,0,
2,GYP04,30,PHACIC,5,14,no,0,
2,GYP04,30,PHACIC,6,24,no,0,
2,GYP04,0,SALMEL,1,2,no,0,
2,GYP04,0,SALMEL,2,6,no,0,
2,GYP04,0,SALMEL,3,1,no,0,
2,GYP04,0,SALMEL,4,1,no,0,
2,GYP04,0,SALMEL,5,3,no,0,
2,GYP04,0,SALMEL,6,2,no,0,
2,GYP04,0,SALMEL,7,1,no,0,
2,GYP04,0,SALMEL,8,3,no,0,
2,GYP04,0,SALMEL,9,1,no,0,
2,GYP04,0,SALMEL,10,0,no,0,
2,GYP04,10,SALMEL,1,8,no,0,
2,GYP04,10,SALMEL,2,3,no,0,
2,GYP04,10,SALMEL,3,1,no,0,
2,GYP04,10,SALMEL,4,1,no,0,
2,GYP04,10,SALMEL,5,6,no,0,
2,GYP04,10,SALMEL,6,10,no,0,
2,GYP04,10,SALMEL,7,4,no,0,
2,GYP04,10,SALMEL,8,1,no,0,
2,GYP04,10,SALMEL,9,1,no,0,
2,GYP04,10,SALMEL,10,2,no,0,
2,GYP04,40,SALMEL,1,3,no,0,
2,GYP04,40,SALMEL,2,1,no,0,
2,GYP04,40,SALMEL,3,1,no,0,
2,GYP04,40,SALMEL,4,0,no,0,
2,GYP04,40,SALMEL,5,1,no,0,
2,GYP04,40,SALMEL,6,0,no,0,
2,GYP04,40,SALMEL,7,0,no,0,
2,GYP04,40,SALMEL,8,1,no,0,
2,GYP04,40,SALMEL,9,0,no,0,
2,GYP04,40,SALMEL,10,6,no,0,
3,GYP04,25,BRANIG,1,120,no,0,
3,GYP04,25,BRANIG,3,123,no,0,
3,GYP04,25,BRANIG,4,8,no,0,
3,GYP04,25,BRANIG,5,157,no,0,
3,GYP04,25,BRANIG,6,113,no,0,
3,GYP04,25,BRANIG,8,189,no,0,
3,GYP04,25,BRANIG,9,109,no,0,
3,GYP04,25,BRANIG,10,83,no,0,
3,GYP04,30,BRANIG,1,15,no,0,
3,GYP04,30,BRANIG,2,106,no,0,
3,GYP04,30,BRANIG,3,43,no,0,
3,GYP04,30,BRANIG,4,64,no,0,
3,GYP04,30,BRANIG,5,198,no,0,
3,GYP04,30,BRANIG,6,136,no,0,
3,GYP04,30,BRANIG,9,163,no,0,
3,GYP04,30,BRANIG,10,334,no,0,
3,GYP04,45,BRANIG,4,143,no,0,
3,GYP04,45,BRANIG,5,302,no,0,
3,GYP04,45,BRANIG,7,130,no,0,
3,GYP04,45,BRANIG,8,141,no,0,
3,GYP04,45,BRANIG,9,422,no,0,
3,GYP04,45,BRANIG,10,105,no,0,
3,GYP04,30,PHACIC,1,22,no,0,
3,GYP04,30,PHACIC,2,26,no,0,
3,GYP04,30,PHACIC,3,15,no,0,
3,GYP04,15,SALMEL,1,65,no,0,
3,GYP04,15,SALMEL,2,0,no,0,
3,GYP04,20,SALMEL,1,2,no,0,
3,GYP04,20,SALMEL,2,1,no,0,
3,GYP04,20,SALMEL,3,14,no,0,
3,GYP04,20,SALMEL,4,2,no,0,
3,GYP04,20,SALMEL,5,3,no,0,
3,GYP04,20,SALMEL,6,1,no,0,
3,GYP04,20,SALMEL,7,5,no,0,
3,GYP04,20,SALMEL,8,8,no,0,
3,GYP04,40,SALMEL,1,5,no,0,
3,GYP04,40,SALMEL,2,3,no,0,
3,GYP04,40,SALMEL,3,2,no,0,
3,GYP04,40,SALMEL,4,3,no,0,
3,GYP04,40,SALMEL,5,1,no,0,
3,GYP04,40,SALMEL,6,29,no,0,
3,GYP04,40,SALMEL,7,15,yes,7,
3,GYP04,40,SALMEL,8,3,no,0,
3,GYP04,40,SALMEL,9,0,no,0,
3,GYP04,40,SALMEL,10,0,no,0,
1,GYP08,40,EUCCHR,1,78,no,0,
1,GYP08,40,EUCCHR,2,10,no,0,
1,GYP08,40,EUCCHR,3,36,no,0,
1,GYP08,40,EUCCHR,4,45,no,0,
1,GYP08,40,EUCCHR,5,6,no,0,
1,GYP08,40,EUCCHR,6,25,no,0,
1,GYP08,40,EUCCHR,7,63,no,0,
1,GYP08,40,EUCCHR,8,32,no,0,
1,GYP08,40,EUCCHR,9,32,no,0,
1,GYP08,40,EUCCHR,10,51,no,0,
1,GYP08,25,SALMEL,1,1,yes,1,
1,GYP08,25,SALMEL,2,1,no,0,
1,GYP08,25,SALMEL,3,0,no,0,
1,GYP08,25,SALMEL,4,2,no,0,
1,GYP08,25,SALMEL,5,4,no,0,
1,GYP08,25,SALMEL,6,2,no,0,
1,GYP08,25,SALMEL,7,0,no,0,
1,GYP08,25,SALMEL,8,11,no,0,
1,GYP08,,SALMEL,1,0,no,0,
1,GYP08,,SALMEL,2,1,no,0,
1,GYP08,,SALMEL,3,0,no,0,
1,GYP08,,SALMEL,4,0,no,0,
1,GYP08,,SALMEL,5,1,no,0,
1,GYP08,,SALMEL,6,0,no,0,
1,GYP08,,SALMEL,7,1,no,0,
2,GYP08,40,PHACIC,1,26,no,0,
2,GYP08,40,PHACIC,2,15,no,0,
2,GYP08,40,PHACIC,3,24,no,0,
2,GYP08,,PHACIC,1,0,no,0,
2,GYP08,,PHACIC,2,3,no,0,
2,GYP08,,PHACIC,3,1,no,0,
2,GYP08,,PHACIC,4,2,no,0,
2,GYP08,,PHACIC,5,4,no,0,
2,GYP08,,PHACIC,6,2,no,0,
1,GYP09,40,CALMAC,1,426,no,0,
1,GYP09,40,CALMAC,2,35,yes,2,
1,GYP09,40,CALMAC,3,60,no,0,
1,GYP09,40,CALMAC,4,310,yes,2,
2,GYP09,1,CALSPL,1,1200,yes,1050,
2,GYP09,0,KECANT,1,0,no,0,
2,GYP09,15,SALMEL,1,25,no,0,
2,GYP09,15,SALMEL,2,9,no,0,
2,GYP09,15,SALMEL,3,5,no,0,
2,GYP09,15,SALMEL,4,5,no,0,
2,GYP09,15,SALMEL,5,33,no,0,
2,GYP09,25,SALMEL,1,16,no,0,
2,GYP09,25,SALMEL,2,3,no,0,
2,GYP09,25,SALMEL,3,0,no,0,
2,GYP09,25,SALMEL,4,27,no,0,
2,GYP09,30,SALMEL,1,1,no,1,
2,GYP09,30,SALMEL,2,4,no,0,
2,GYP09,30,SALMEL,3,0,no,0,
2,GYP09,30,SALMEL,4,0,no,0,
2,GYP09,30,SALMEL,5,0,no,0,
2,GYP09,30,SALMEL,6,3,no,0,
2,GYP09,30,SALMEL,7,0,no,0,
2,GYP09,30,SALMEL,8,2,no,0,
2,GYP09,35,SALMEL,1,0,no,0,
2,GYP09,35,SALMEL,1.1,2,no,0,
2,GYP09,35,SALMEL,1.2,3,no,0,
2,GYP09,35,SALMEL,1.3,18,no,0,
2,GYP09,35,SALMEL,1.4,6,no,0,
2,GYP09,35,SALMEL,1.5,1,no,0,
2,GYP09,35,SALMEL,2,0,no,0,
2,GYP09,35,SALMEL,3,1,no,0,
2,GYP09,35,SALMEL,4,7,no,0,
2,GYP09,35,SALMEL,5,5,no,0,
2,GYP09,45,SALMEL,1,1,no,0,
2,GYP09,45,SALMEL,2,2,no,0,
2,GYP09,45,SALMEL,3,4,no,0,
2,GYP09,45,SALMEL,4,4,no,0,
2,GYP09,45,SALMEL,5,1,no,0,
1,I02,5,EROCIC,1,0,no,0,
1,I02,,SALMEL,1,7,no,0,
1,I02,,SALMEL,2,8,no,0,
1,I02,,SALMEL,3,0,no,0,
1,I02,,SALMEL,4,3,no,0,
1,I02,,SALMEL,5,1,no,0,
1,I02,,SALMEL,6,1,no,0,
1,I02,,SALMEL,7,20,no,0,
2,I02,4,CALMAC,1,702,yes,667,
2,I02,4,CALMAC,2,1606,yes,1581,
2,I02,4,CALMAC,3,426,yes,360,
2,I02,,SALMEL,1,0,no,0,
2,I02,,SALMEL,2,2,no,0,
2,I02,,SALMEL,3,1,no,0,
2,I02,,SALMEL,4,7,yes,1,
2,I02,,SALMEL,5,1,no,0,
2,I02,,SALMEL,6,4,no,0,
2,I02,,SALMEL,7,11,no,0,
2,I02,,SALMEL,8,0,no,0,
2,I02,,SALMEL,9,0,no,0,
2,I02,,SALMEL,10,0,no,0,
1,I08,,SOLXAN,1,456,yes,2,
2,I08,0,CALSPL,1,58,yes,41,
2,I08,15,EROCIC,1,3,no,0,
2,I08,15,EROCIC,2,7,no,0,
2,I08,15,EROCIC,3,12,yes,1,
2,I08,15,EROCIC,4,4,no,0,
2,I08,20,EROCIC,1,0,no,0,
2,I08,20,EROCIC,2,28,no,0,
2,I08,20,EROCIC,3,10,no,0,
2,I08,20,EROCIC,4,8,yes,1,
2,I08,20,EROCIC,5,43,yes,28,
2,I08,25,EROCIC,1,11,no,0,
2,I08,25,EROCIC,2,9,yes,6,
2,I08,25,EROCIC,3,5,yes,2,
2,I08,25,EROCIC,4,9,yes,3,
2,I08,25,EROCIC,5,6,no,0,
2,I08,25,EROCIC,6,29,yes,27,
2,I08,30,EROCIC,1,75,yes,17,
2,I08,35,EROCIC,1,3,yes,1,
2,I08,35,EROCIC,2,10,yes,2,
2,I08,,SALAPI,1,14,no,0,
2,I08,,SALAPI,1,2,no,0,
2,I08,,SALAPI,2,1,no,0,
2,I08,,SALAPI,2,0,no,0,
2,I08,,SALAPI,3,1,no,0,
2,I08,,SALAPI,3,4,no,0,
2,I08,,SALAPI,4,3,no,0,
2,I08,5,SALMEL,1,5,no,0,
2,I08,5,SALMEL,1,2,no,0,
2,I08,5,SALMEL,2,13,no,0,
2,I08,5,SALMEL,2,5,no,0,
2,I08,5,SALMEL,3,13,no,0,
2,I08,5,SALMEL,3,2,no,0,
2,I08,5,SALMEL,4,2,no,0,
2,I08,5,SALMEL,4,18,no,0,
2,I08,5,SALMEL,5,21,no,0,
2,I08,5,SALMEL,5,15,no,0,
2,I08,5,SALMEL,6,16,no,0,
2,I08,5,SALMEL,6,10,no,0,
2,I08,5,SALMEL,7,7,no,0,
2,I08,5,SALMEL,7,1,no,0,
2,I08,5,SALMEL,8,0,no,0,
2,I08,5,SALMEL,8,14,no,0,
2,I08,5,SALMEL,9,48,no,0,
2,I08,5,SALMEL,9,8,no,0,
2,I08,5,SALMEL,10,7,no,0,
2,I08,5,SALMEL,10,2,no,0,
2,I08,5,SALMEL,11,29,no,0,
2,I08,5,SALMEL,12,2,no,0,
2,I08,10,SALMEL,1,11,no,0,
2,I08,10,SALMEL,2,12,no,0,
2,I08,10,SALMEL,3,5,no,0,
2,I08,10,SALMEL,4,1,no,0,
2,I08,,SOLXAN,1,319,yes,1,
2,I08,,SOLXAN,2,350,no,0,
2,I08,,SOLXAN,3,316,no,0,
2,I08,,SOLXAN,4,487,yes,7,
3,I08,,CALSPL,1,2,yes,1,
3,I08,20,EROCIC,1,72,no,0,
3,I08,20,EROCIC,2,36,no,0,
3,I08,,EROCIC,1,1,yes,1,
3,I08,,EROCIC,2,3,yes,3,
3,I08,,EROCIC,3,22,yes,5,
1,I14,,CALMEN,1,60,yes,1,
1,I14,,CALMEN,2,118,yes,1,
1,I14,,CALMEN,3,117,yes,6,
1,I14,,CALMEN,4,144,yes,14,
1,I14,,CALMEN,5,87,yes,17,
1,I14,,CALMEN,6,137,yes,12,
1,I14,,DICCAP,1,1120,yes,8,
1,I14,,DICCAP,1,700,yes,28,
1,I14,,DICCAP,2,900,yes,78,
1,I14,0,EROCIC,1,49,no,0,
1,I14,0,EROCIC,2,96,yes,1,
1,I14,20,EROCIC,1,73,no,0,
1,I14,25,EROCIC,1,9,no,0,
1,I14,25,EROCIC,2,121,no,0,
1,I14,25,EROCIC,3,204,yes,4,
1,I14,25,EROCIC,4,64,no,0,
1,I14,25,EROCIC,5,203,yes,2,
1,I14,30,EROCIC,1,83,no,0,
1,I14,30,EROCIC,2,87,no,0,
1,I14,30,EROCIC,3,86,no,0,
1,I14,0,GILANG,1,3,no,0,
1,I14,0,GILANG,2,128,yes,2,
1,I14,5,GILANG,1,114,no,0,
1,I14,5,GILANG,2,129,yes,15,
1,I14,5,GILANG,3,79,yes,22,
1,I14,5,GILANG,4,125,yes,2,
1,I14,5,GILANG,5,22,no,0,
1,I14,10,GILANG,1,86,yes,6,
1,I14,10,GILANG,2,42,no,0,
1,I14,25,GILANG,1,83,no,0,
1,I14,30,GILANG,1,54,yes,1,
1,I14,30,GILANG,2,26,yes,5,
1,I14,30,GILANG,3,80,no,0,
1,I14,35,GILANG,1,71,yes,2,
1,I14,35,GILANG,2,124,no,0,
1,I14,35,GILANG,3,78,no,0,
1,I14,40,GILANG,1,52,yes,1,
1,I14,40,GILANG,2,184,yes,8,
1,I14,45,GILANG,1,270,no,0,
1,I14,45,GILANG,2,268,no,0,
2,I14,0,EROCIC,,1,no,0,
2,I14,25,EROCIC,1,2,yes,2,
2,I14,25,EROCIC,2,46,no,0,
2,I14,40,EROCIC,1,1,no,0,
2,I14,40,EROCIC,2,109,no,0,
2,I14,40,EROCIC,3,38,no,0,
2,I14,N/A,EROCIC,1,1,no,0,
2,I14,N/A,EROCIC,2,1,no,0,
2,I14,N/A,EROCIC,3,0,no,0,
2,I14,N/A,EROCIC,4,57,no,0,
2,I14,15,GILANG,1,262,no,0,
2,I14,15,GILANG,2,169,no,0,
2,I14,40,GILANG,1,133,no,0,
2,I14,40,GILANG,1,116,no,0,
2,I14,40,GILANG,2,18,yes,2,
2,I14,40,GILANG,2,300,no,0,
2,I14,40,GILANG,3,172,yes,18,
2,I14,40,GILANG,3,234,no,0,
2,I14,40,GILANG,4,1,yes,1,
2,I14,40,GILANG,4,167,no,0,
2,I14,40,GILANG,5,159,yes,2,
2,I14,,GILANG,1,82,3,0,
2,I14,,GILANG,2,56,no,0,
2,I14,0,HIRINC,1,295,no,0,
2,I14,0,HIRINC,2,243,yes,8,
2,I14,0,HIRINC,3,201,yes,1,
2,I14,0,HIRINC,4,188,no,0,
2,I14,0,HIRINC,5,259,no,0,
2,I14,5,HIRINC,1,213,no,0,
2,I14,5,HIRINC,2,534,no,0,
2,I14,5,HIRINC,2,397,no,0,
2,I14,5,HIRINC,3,202,no,0,
2,I14,5,HIRINC,4,248,no,0,
2,I14,5,HIRINC,4,333,no,0,
2,I14,5,HIRINC,5,87,no,0,
2,I14,5,HIRINC,5,145,yes,1,
2,I14,10,HIRINC,1,269,no,0,
2,I14,10,HIRINC,2,16,no,0,
2,I14,10,HIRINC,3,68,no,0,
2,I14,10,HIRINC,4,227,no,0,
2,I14,20,HIRINC,1,140,no,0,
2,I14,20,HIRINC,1,47,no,0,
2,I14,20,HIRINC,2,194,no,0,
2,I14,20,HIRINC,3,139,no,0,
2,I14,20,HIRINC,4,62,no,0,
2,I14,20,HIRINC,5,60,no,0,
2,I14,30,HIRINC,1,64,no,0,
2,I14,30,HIRINC,2,217,no,0,
2,I14,30,HIRINC,5,116,no,0,
2,I14,,HIRINC,2,339,yes,162,
2,I14,,HIRINC,3,125,yes,98,
2,I14,,HIRINC,4,211,yes,16,
2,I14,,HIRINC,5,115,yes,12,
2,I14,15,LUPTRE,1,22,yes,2,
2,I14,15,LUPTRE,2,144,no,0,
2,I14,15,LUPTRE,3,840,no,0,
2,I14,15,LUPTRE,4,580,no,0,
2,I14,15,LUPTRE,5,340,no,0,
3,I14,5,BRANIG,1,750,no,0,
3,I14,10,BRANIG,1,64,no,0,
3,I14,15,BRANIG,1,414,no,0,
3,I14,15,BRANIG,2,2,no,0,
3,I14,45,ERBOT,1,41,no,0,
3,I14,45,ERBOT,2,42,no,0,
3,I14,45,ERBOT,3,3,no,0,
3,I14,40,EROBOT,1,22,yes,1,
3,I14,40,EROBOT,2,69,no,0,
3,I14,40,EROBOT,3,36,no,0,
3,I14,40,EROBOT,4,32,no,0,
3,I14,40,EROBOT,5,32,no,0,
3,I14,40,EROBOT,6,42,no,0,
,I14,,DICCAP,1,159,no,0,
,I14,,DICCAP,2,14,no,0,
,I14,,DICCAP,3,198,no,0,
,I14,,DICCAP,4,197,no,0,
1,I15,,EROCIC,1,60,no,0,
1,I15,,EROCIC,2,106,no,0,
1,I15,,EROCIC,3,55,no,0,
1,I15,,EROCIC,4,43,no,0,
1,I15,,EROCIC,5,69,no,0,
1,I15,,EROCIC,6,84,no,0,
1,I15,,EROCIC,7,50,no,0,
1,I15,,EROMOS,1,73,yes,3,
1,I15,,EROMOS,1,37,no,0,
1,I15,,EROMOS,2,106,yes,3,
1,I15,,EROMOS,2,57,no,0,
1,I15,,EROMOS,3,56,no,0,
1,I15,,GILANG,1,100,yes,3,
1,I15,,GILANG,1,69,yes,1,
1,I15,,GILANG,2,46,yes,14,
1,I15,,GILANG,2,115,no,0,
2,I15,5,ACMGLA,1,32,no,0,
2,I15,5,ACMGLA,2,15,no,0,
2,I15,5,ACMGLA,2,39,yes,1,
2,I15,5,ACMGLA,3,9,no,0,
2,I15,5,ACMGLA,3,28,no,0,
2,I15,5,ACMGLA,4,5,no,0,
2,I15,5,ACMGLA,4,25,no,0,
2,I15,5,ACMGLA,5,21,no,0,
2,I15,10,ACMGLA,1,92,no,0,
2,I15,10,ACMGLA,2,17,no,0,
2,I15,35,ACMGLA,1,23,yes,1,
2,I15,35,ACMGLA,2,93,no,0,
2,I15,35,ACMGLA,3,6,no,0,
2,I15,30,EROBRA,,73,no,0,
2,I15,15,EROCIC,,93,no,0,
2,I15,20,EROCIC,1,0,no,0,
2,I15,20,EROCIC,2,23,no,0,
2,I15,20,EROCIC,3,2,no,0,
2,I15,20,EROCIC,4,0,no,0,
2,I15,30,EROCIC,1,3,yes,2,
2,I15,30,EROCIC,2,1,yes,1,
2,I15,30,EROCIC,3,15,yes,0,
2,I15,N/A,EROCIC,1,11,no,0,
2,I15,N/A,EROCIC,2,62,no,0,
2,I15,N/A,EROCIC,3,58,yes,1,
2,I15,N/A,EROCIC,4,3,no,0,
2,I15,15,GILANG,1,46,yes,2,
2,I15,,GILANG,1,107,no,0,
2,I15,40,SALMEL,1,0,no,0,
2,I15,40,SALMEL,1,1,no,0,
2,I15,40,SALMEL,2,2,no,0,
2,I15,40,SALMEL,2,4,no,0,
2,I15,40,SALMEL,3,0,no,0,
2,I15,40,SALMEL,3,6,no,0,
2,I15,40,SALMEL,4,0,no,0,
2,I15,40,SALMEL,4,2,no,0,
2,I15,40,SALMEL,5,0,no,0,
2,I15,40,SALMEL,5,4,no,0,
2,I15,40,SALMEL,6,3,no,0,
2,I15,40,SALMEL,6,14,no,0,
2,I20,4,EROCIC,1,36,no,0,
2,I20,5,EROCIC,1,44,no,0,
2,I20,15,EROCIC,1,106,yes,1,
2,I20,15,EROCIC,2,2,no,0,
2,I20,15,EROCIC,3,26,no,0,
2,I20,15,EROCIC,4,26,no,0,
2,I20,15,EROCIC,5,0,no,0,
2,I20,15,EROCIC,6,15,no,0,
2,I20,15,EROCIC,7,0,no,0,
2,I20,20,EROCIC,1,4,yes,4,
2,I20,4,PHACIC,1,10,no,0,
2,I20,4,PHACIC,2,38,no,0,
2,I20,4,PHACIC,3,19,no,0,
2,I20,4,PHACIC,4,22,no,0,
2,I20,4,PHACIC,5,12,no,0,
1,I40,40,EROCIC,1,49,yes,1,
1,I40,,EROCIC,1,48,yes,2,
1,I40,,EROCIC,2,79,no,0,
1,I40,,EROCIC,3,9,no,0,
1,I40,,EROCIC,4,96,no,0,
1,I40,,EROCIC,5,25,no,0,
1,I40,,EROCIC,6,94,yes,2,
1,I40,30,GILANG,1,178,no,0,
1,I40,30,GILANG,2,108,no,0,
1,I40,40,GILANG,1,20,no,0,
1,I40,40,GILANG,2,31,yes,3,
1,I40,40,GILANG,3,48,no,0,
1,I40,40,GILANG,4,44,no,0,
1,I40,,LUPBIC,1,0,no,0,
1,I40,,LUPBIC,1,9,no,0,
1,I40,,LUPBIC,2,11,no,0,
1,I40,,LUPBIC,2,0,no,0,
1,I40,,LUPBIC,3,34,no,0,
1,I40,,LUPBIC,3,2,no,0,
1,I40,,LUPBIC,4,13,no,0,
1,I40,15,SALMEL,1,2,no,0,
1,I40,15,SALMEL,2,5,no,0,
1,I40,15,SALMEL,3,0,no,0,
1,I40,15,SALMEL,4,0,no,0,
1,I40,15,SALMEL,5,2,no,0,
1,I40,15,SALMEL,6,0,no,0,
1,I40,4,SOLXAN,1,180,no,0,
1,I40,4,SOLXAN,2,120,no,0,
1,I40,4,SOLXAN,3,110,no,0,
1,I40,,SOLXAN,1,199,no,0,
1,I40,,SOLXAN,2,42,no,0,
1,I40,,SOLXAN,4,68,no,0,
1,I40,,SOLXAN,5,5,no,0,
2,I40,10,EROBOT,1,39,no,0,
2,I40,10,EROBOT,2,57,no,0,
2,I40,10,EROBOT,4,35,no,0,
2,I40,10,EROBOT,5,25,no,0,
2,I40,10,EROBOT,6,22,no,0,
2,I40,10,EROBOT,7,21,yes,1,
2,I40,10,EROBOT,9,47,no,0,
2,I40,10,EROBOT,10,26,no,0,
2,I40,35,EROBOT,1,63,no,0,
2,I40,35,EROBOT,2,95,no,0,
2,I40,35,EROBOT,3,98,no,0,
2,I40,40,EROBOT,1,66,no,0,
2,I40,5,EROCIC,1,24,yes,2,
2,I40,5,EROCIC,2,7,no,0,
2,I40,10,EROCIC,1,79,no,0,
2,I40,35,EROCIC,1,54,no,0,
2,I40,35,EROCIC,2,53,no,0,
2,I40,35,EROCIC,3,33,no,0,
2,I40,35,EROCIC,4,0,no,0,
2,I40,35,EROCIC,5,88,no,0,
2,I40,35,EROCIC,6,11,no,0,
2,I40,40,EROCIC,1,38,no,0,
2,I40,40,EROCIC,2,45,yes,1,
2,I40,,HIRINC,1,340,no,0,
2,I40,,HIRINC,2,310,no,0,
2,I40,,HIRINC,3,110,yes,1,
2,I40,,HIRINC,4,115,no,0,
2,I40,,HIRINC,5,220,no,0,
2,I40,,HIRINC,6,90,no,0,
2,I40,,SOLXAN,1,779,yes,2,
2,I40,,SOLXAN,2,126,no,0,
2,I40,,SOLXAN,3,135,yes,1,
2,I40,,SOLXAN,4,254,no,0,
2,I40,,SOLXAN,5,208,yes,1,
3,I40,20,CALSPL,1,677,yes,324,
3,I40,10,EROBOT,1,24,yes,2,
3,I40,10,EROBOT,2,14,yes,3,spikey
3,I40,10,EROBOT,3,19,no,0,
3,I40,0,SALMEL,1,25,no,0,
3,I40,0,SALMEL,2,8,no,0,
3,I40,0,SALMEL,3,8,no,0,
3,I40,0,SALMEL,4,0,no,0,
3,I40,0,SALMEL,5,0,no,0,
3,I40,0,SALMEL,6,7,no,0,
3,I40,0,SALMEL,7,1,no,0,
3,I40,0,SALMEL,8,1,no,0,
3,I40,0,SALMEL,9,4,no,0,
3,I40,0,SALMEL,10,0,no,0,
3,I40,0,SALMEL,11,3,no,0,
3,I40,0,SALMEL,12,3,no,0,
3,I40,15,SALMEL,1,3,no,0,
3,I40,15,SALMEL,2,7,no,0,
3,I40,15,SALMEL,3,2,no,0,
3,I40,15,SALMEL,4,5,no,0,
3,I40,15,SALMEL,5,2,no,0,
3,I40,15,SALMEL,6,1,no,0,
3,I40,15,SALMEL,7,0,no,0,
3,I40,15,SALMEL,8,0,no,0,
3,I40,15,SALMEL,9,0,no,0,
3,I40,15,SALMEL,10,1,no,0,
3,I40,15,SALMEL,11,1,no,0,
1,I50,30,GILANG,1,69,yes,6,
1,I50,30,GILANG,2,180,no,0,
1,I50,,GILANG,1,38,yes,5,
1,I50,,GILANG,1,62,yes,3,
1,I50,,GILANG,2,210,yes,5,
1,I50,,GILANG,2,7,yes,1,
1,I50,,GILANG,3,46,yes,2,
1,I50,,GILANG,3,86,yes,2,
1,I50,,SOLXAN,1,250,no,0,
1,I50,,SOLXAN,2,120,yes,2,
1,I50,,SOLXAN,3,34,no,0,
1,I50,,SOLXAN,5,10,no,0,
1,I50,,SOLXAN,6,170,no,0,
2,I50,35,ACMGLA,1,5,no,0,
2,I50,35,ACMGLA,3,40,no,0,
2,I50,35,ACMGLA,6,192,no,0,
2,I50,35,ACMGLA,7,4,no,0,
2,I50,35,ACMGLA,10,18,no,0,
2,I50,10,CLAPUR,1,384,no,0,
2,I50,20,EROBOT,1,61,no,0,
2,I50,20,EROBOT,2,18,no,0,
2,I50,,EROBOT,1,93,no,0,
2,I50,,EROBOT,2,74,no,0,
2,I50,0,EROCIC,1,1,yes,1,
2,I50,5,EROCIC,1,24,no,0,
2,I50,5,EROCIC,2,111,no,0,
2,I50,5,EROCIC,3,24,no,0,
2,I50,20,EROCIC,1,17,yes,10,
2,I50,20,EROCIC,2,5,no,0,
2,I50,20,EROCIC,3,17,yes,1,
2,I50,20,EROCIC,4,2,yes,1,
2,I50,30,EROCIC,1,4,no,0,
2,I50,30,EROCIC,2,89,no,0,
2,I50,30,EROCIC,3,59,no,0,
2,I50,35,EROCIC,1,124,no,0,
2,I50,35,EROCIC,2,41,no,0,
2,I50,35,EROCIC,3,33,no,0,
2,I50,35,EROCIC,4,101,no,0,
2,I50,35,EROCIC,5,7,no,0,
2,I50,35,EROCIC,6,6,no,0,
2,I50,35,EROCIC,7,95,no,0,
2,I50,35,EROCIC,8,52,yes,1,
2,I50,35,EROCIC,9,60,yes,2,
2,I50,40,EROCIC,1,78,no,0,
2,I50,40,EROCIC,2,123,no,0,
2,I50,40,EROCIC,3,45,no,0,
2,I50,40,EROCIC,4,94,no,0,
2,I50,15,GILANG,1,7,yes,6,
2,I50,15,GILANG,2,271,yes,2,
2,I50,15,GILANG,3,101,no,0,
2,I50,15,GILANG,4,668,no,0,
3,I50,0,EROCIC,1,36,yes,1,
1,IRC01,5,CALMEN,1,59,no,0,
1,IRC01,5,CALMEN,2,51,no,0,
1,IRC01,5,CALMEN,3,99,yes,1,
1,IRC01,10,DICCAP,1,1400,yes,26,
1,IRC01,10,DICCAP,2,1600,yes,35,
1,IRC01,10,DICCAP,3,1300,yes,0,
1,IRC01,,DICCAP,1,1200,yes,32,
1,IRC01,,DICCAP,2,850,no,0,
1,IRC01,40,EROCIC,1,58,no,0,
1,IRC01,40,EROCIC,2,71,no,0,
1,IRC01,40,EROCIC,3,38,no,0,
1,IRC01,45,EROCIC,1,42,no,0,
1,IRC01,45,EROCIC,2,39,no,0,
1,IRC01,0,EUCCHR,1,37,no,0,
1,IRC01,0,EUCCHR,2,79,no,0,
1,IRC01,0,EUCCHR,3,35,no,0,
1,IRC01,0,EUCCHR,4,84,no,0,
1,IRC01,0,EUCCHR,5,61,no,0,
1,IRC01,10,EUCCHR,1,9,no,0,
1,IRC01,10,EUCCHR,2,9,yes,0,
1,IRC01,15,EUCCHR,1,187,no,0,
1,IRC01,15,EUCCHR,2,149,no,0,
1,IRC01,15,EUCCHR,3,64,no,0,
1,IRC01,15,EUCCHR,4,97,yes,2,
1,IRC01,15,EUCCHR,5,108,no,0,
1,IRC01,40,EUCCHR,1,60,no,0,
1,IRC01,40,EUCCHR,2,25,no,0,
1,IRC01,40,EUCCHR,3,37,no,0,
1,IRC01,20,SOLXAN,1,23,no,0,
1,IRC01,20,SOLXAN,2,800,no,0,
1,IRC01,20,SOLXAN,3,300,no,0,
1,IRC01,20,SOLXAN,4,650,no,0,
1,IRC01,,SOLXAN,1,4,no,0,
1,IRC01,0,,1,203,no,0,
1,IRC01,0,,2,185,no,0,
1,IRC01,0,,3,41,no,0,
1,IRC01,0,,4,119,no,0,
2,IRC01,10,EROCIC,1,95,no,0,
2,IRC01,10,EROCIC,2,64,no,0,
2,IRC01,10,EROCIC,3,19,no,0,
2,IRC01,10,EROCIC,4,71,no,0,
2,IRC01,10,EROCIC,5,98,no,0,
2,IRC01,25,EROCIC,1,107,no,0,
2,IRC01,25,EROCIC,2,,no,0,
2,IRC01,25,EROCIC,3,88,yes,2,
2,IRC01,25,EROCIC,4,136,no,0,
2,IRC01,25,EROCIC,5,85,no,0,
2,IRC01,0,EUCCHR,1,46,no,0,
2,IRC01,0,EUCCHR,1,37,no,0,
2,IRC01,0,EUCCHR,2,60,no,0,
2,IRC01,0,EUCCHR,2,44,no,0,
2,IRC01,0,EUCCHR,3,70,no,0,
2,IRC01,0,EUCCHR,3,188,no,0,
2,IRC01,0,EUCCHR,4,61,no,0,
2,IRC01,0,EUCCHR,4,75,no,0,
2,IRC01,0,EUCCHR,5,26,no,0,
2,IRC01,0,EUCCHR,5,13,no,0,
2,IRC01,15,EUCCHR,1,22,no,0,
2,IRC01,20,EUCCHR,1,24,no,0,
2,IRC01,20,EUCCHR,2,20,yes,1,
2,IRC01,25,EUCCHR,1,67,no,0,
2,IRC01,25,EUCCHR,1,47,no,0,
2,IRC01,25,EUCCHR,2,45,no,0,
2,IRC01,25,EUCCHR,2,112,no,0,
2,IRC01,25,EUCCHR,3,92,no,0,
2,IRC01,25,EUCCHR,3,19,no,0,
2,IRC01,25,EUCCHR,4,32,no,0,
2,IRC01,25,EUCCHR,4,70,yes,1,
2,IRC01,25,EUCCHR,5,28,no,0,
2,IRC01,30,EUCCHR,1,14,no,0,
2,IRC01,30,EUCCHR,2,13,no,0,
2,IRC01,30,EUCCHR,3,71,no,0,
2,IRC01,30,EUCCHR,4,71,no,0,
2,IRC01,35,EUCCHR,1,37,no,0,
2,IRC01,35,EUCCHR,1,8,no,0,
2,IRC01,35,EUCCHR,2,34,no,0,
2,IRC01,35,EUCCHR,2,39,no,0,
2,IRC01,35,EUCCHR,2,94,no,0,
2,IRC01,35,EUCCHR,3,100,no,0,
2,IRC01,35,EUCCHR,3,58,no,0,
2,IRC01,35,EUCCHR,3,156,no,0,
2,IRC01,35,EUCCHR,4,102,no,0,
2,IRC01,35,EUCCHR,4,34,no,0,
2,IRC01,35,EUCCHR,4,35,no,0,
2,IRC01,35,EUCCHR,5,67,no,0,
2,IRC01,35,EUCCHR,5,24,no,0,
2,IRC01,35,EUCCHR,5,34,no,0,
2,IRC01,40,EUCCHR,1,42,no,0,
2,IRC01,40,EUCCHR,2,5,no,0,
2,IRC01,40,EUCCHR,3,56,no,0,
2,IRC01,45,EUCCHR,1,20,no,0,
2,IRC01,45,EUCCHR,3,3,no,0,
2,IRC01,20,SOLXAN,1,49,no,0,
3,IRC01,20,BRANIG,1,144,no,0,
3,IRC01,20,BRANIG,2,165,no,0,
3,IRC01,20,BRANIG,4,102,no,0,
3,IRC01,20,BRANIG,5,60,no,0,
3,IRC01,20,BRANIG,7,81,no,0,
3,IRC01,35,CALMAC,1,216,no,0,
3,IRC01,0,EROCIC,1,95,no,0,
3,IRC01,0,EROCIC,2,90,no,0,
3,IRC01,4,EROCIC,1,120,yes,6,
3,IRC01,4,EROCIC,2,108,no,0,
3,IRC01,4,EROCIC,3,53,no,0,
3,IRC01,5,EROCIC,1,65,no,0,
3,IRC01,6,EROCIC,1,5,no,0,
3,IRC01,6,EROCIC,2,90,no,0,
3,IRC01,6,EROCIC,3,137,no,0,
3,IRC01,25,EROCIC,1,63,yes,2,
3,IRC01,25,EROCIC,2,13,yes,1,
3,IRC01,35,EROCIC,1,125,yes,3,
3,IRC01,40,EROCIC,1,75,no,0,
3,IRC01,40,EROCIC,2,35,no,0,
3,IRC01,0,EUCCHR,1,1,no,0,
3,IRC01,0,EUCCHR,2,0,no,0,
1,IRC08,50,BRANIG,1,156,no,0,
1,IRC08,50,BRANIG,2,99,no,0,
1,IRC08,50,BRANIG,3,147,no,0,
1,IRC08,50,BRANIG,4,230,no,0,
1,IRC08,50,BRANIG,5,160,no,0,
1,IRC08,30,CALMAC,1,200,no,0,
1,IRC08,30,CALMAC,2,197,no,0,
1,IRC08,30,CALMAC,3,75,no,0,
1,IRC08,30,CALMAC,4,100,no,0,
1,IRC08,40,CALMAC,1,130,no,0,
1,IRC08,40,CALMAC,4,155,no,0,
1,IRC08,,PHACIC,1,4,no,0,
1,IRC08,,PHACIC,2,0,no,0,
1,IRC08,,PHACIC,3,0,no,0,
1,IRC08,,SALMEL,1,22,no,0,
1,IRC08,,SALMEL,2,1,no,0,
1,IRC08,,SALMEL,3,3,no,0,
1,IRC08,,SALMEL,4,0,no,0,
1,IRC08,,SALMEL,5,0,no,0,
2,IRC08,10,CALMAC,1,39,no,0,
2,IRC08,15,CALMAC,1,154,no,0,
2,IRC08,20,CALMAC,1,165,no,0,
2,IRC08,25,CALMAC,1,196,no,0,
2,IRC08,,CALMAC,1,303,yes,27,
2,IRC08,,CALMAC,2,219,no,0,
2,IRC08,0,EROCIC,1,6,no,0,
2,IRC08,0,EROCIC,2,2,no,0,
2,IRC08,0,EROCIC,3,10,no,0,
2,IRC08,0,EROCIC,4,3,yes,1,
2,IRC08,5,EROCIC,1,1,no,0,
2,IRC08,5,EROCIC,2,5,no,0,
2,IRC08,10,EROCIC,1,9,no,0,
2,IRC08,10,EROCIC,2,95,yes,1,
2,IRC08,10,EROCIC,3,41,yes,4,
2,IRC08,25,EROCIC,1,4,yes,1,
2,IRC08,25,EROCIC,2,6,no,0,
2,IRC08,30,EROCIC,1,1,yes,1,
2,IRC08,30,EROCIC,2,1,no,0,
2,IRC08,30,EROCIC,3,4,yes,2,
2,IRC08,40,EROCIC,1,0,no,0,
2,IRC08,40,EROCIC,2,21,no,0,
2,IRC08,40,EROCIC,3,3,yes,1,
2,IRC08,40,EROCIC,4,3,no,0,
2,IRC08,40,EROCIC,5,19,yes,19,
2,IRC08,45,EROCIC,1,2,no,0,
2,IRC08,45,EROCIC,2,12,no,0,
2,IRC08,45,EROCIC,3,1,no,0,
2,IRC08,45,EROCIC,4,0,no,0,
2,IRC08,45,EROCIC,5,7,no,0,
2,IRC08,45,EROCIC,6,3,yes,2,
2,IRC08,45,EROCIC,7,14,no,0,
2,IRC08,45,EROCIC,8,3,yes,1,
2,IRC08,45,EROCIC,9,3,no,0,
2,IRC08,45,EROCIC,10,23,yes,1,
2,IRC08,,PHACIC,1,8,yes,1,fungus?
2,IRC08,,PHACIC,1,2,no,0,
2,IRC08,,PHACIC,2,0,no,0,
2,IRC08,,PHACIC,3,1,no,0,
2,IRC08,,PHACIC,4,14,no,0,
2,IRC08,,PHACIC,5,8,yes,1,
2,IRC08,,PHACIC,6,3,no,0,
2,IRC08,,PHAPAR,1,2,no,0,
2,IRC08,,PHAPAR,2,120,yes,2,
2,IRC08,5,SALMEL,1,1,no,0,
2,IRC08,5,SALMEL,2,2,no,0,
2,IRC08,5,SALMEL,3,3,no,0,
2,IRC08,5,SALMEL,4,2,no,0,
2,IRC08,5,SALMEL,5,0,no,0,
2,IRC08,5,SALMEL,6,0,no,0,
2,IRC08,5,SALMEL,7,0,no,0,
2,IRC08,5,SALMEL,8,3,no,0,
2,IRC08,5,SALMEL,9,4,no,0,
2,IRC08,5,SALMEL,10,1,no,0,
2,IRC08,5,SALMEL,11,2,no,0,
2,IRC08,10,SALMEL,1,2,no,0,
2,IRC08,10,SALMEL,2,2,no,0,
2,IRC08,10,SALMEL,3,1,no,0,
2,IRC08,10,SALMEL,4,1,no,0,
2,IRC08,15,SALMEL,1,1,no,0,
2,IRC08,15,SALMEL,2,1,no,0,
2,IRC08,20,SALMEL,1,0,no,0,
2,IRC08,20,SALMEL,2,2,no,0,
2,IRC08,20,SALMEL,3,2,no,0,
2,IRC08,20,SALMEL,4,1,no,0,
2,IRC08,20,SALMEL,5,5,no,0,
2,IRC08,20,SALMEL,6,5,no,0,
2,IRC08,20,SALMEL,7,0,no,0,
2,IRC08,20,SALMEL,8,4,no,0,
2,IRC08,20,SALMEL,9,7,no,0,
2,IRC08,20,SALMEL,10,1,no,0,
2,IRC08,35,SALMEL,1,2,no,0,
2,IRC08,35,SALMEL,2,0,no,0,
2,IRC08,35,SALMEL,3,1,no,0,
2,IRC08,35,SALMEL,4,3,no,0,
2,IRC08,35,SALMEL,5,0,no,0,
2,IRC08,35,SALMEL,6,0,no,0,
2,IRC08,35,SALMEL,7,0,no,0,
2,IRC08,35,SALMEL,8,0,no,0,
2,IRC08,35,SALMEL,10,0,no,0,
2,IRC08,35,SALMEL,11,0,no,0,
2,IRC08,35,SALMEL,12,0,no,0,
2,IRC08,45,SALMEL,1,1,no,0,
2,IRC08,45,SALMEL,2,1,no,0,
2,IRC08,45,SALMEL,3,1,no,0,
2,IRC08,45,SALMEL,4,8,yes,7,
2,IRC08,45,SALMEL,5,4,no,0,
2,IRC08,45,SALMEL,6,1,no,0,
2,IRC08,45,SALMEL,7,16,no,0,
2,IRC08,45,SALMEL,8,8,no,0,
2,IRC08,45,SALMEL,9,5,no,0,
2,IRC08,45,SALMEL,10,1,no,0,
2,IRC08,45,SALMEL,11,9,no,0,
3,IRC08,4,CALMAC,1,45,yes,1,
3,IRC08,4,CALMAC,2,8,no,0,
3,IRC08,4,CALMAC,3,35,yes,3,
3,IRC08,4,CALMAC,4,42,no,0,
3,IRC08,4,CALMAC,5,67,yes,2,
3,IRC08,4,CALMAC,6,10,no,0,
3,IRC08,4,CALMAC,7,8,no,0,
3,IRC08,4,CALMAC,8,84,no,0,
3,IRC08,6,CALMAC,1,20,no,0,
3,IRC08,6,CALMAC,2,112,no,0,
3,IRC08,6,CALMAC,3,102,no,0,
3,IRC08,6,CALMAC,4,146,no,0,
3,IRC08,6,CALMAC,5,3,no,0,
3,IRC08,6,CALMAC,6,4,no,0,
3,IRC08,4,EROCIC,1,13,yes,1,
3,IRC08,4,EROCIC,2,124,no,0,
3,IRC08,4,EROCIC,3,21,no,0,
3,IRC08,4,EROCIC,4,55,no,0,
3,IRC08,4,EROCIC,5,2,yes,1,
3,IRC08,4,EROCIC,6,52,no,0,
3,IRC08,4,EROCIC,7,71,no,0,
3,IRC08,4,EROCIC,8,0,no,0,
3,IRC08,4,EROCIC,9,17,no,0,
3,IRC08,4,EROCIC,10,1,no,0,
3,IRC08,45,EROCIC,1,22,yes,6,
3,IRC08,45,EROCIC,2,22,yes,20,
1,IRC13,15,EROCIC,1,51,no,0,
1,IRC13,15,EROCIC,2,71,no,0,
1,IRC13,15,EROCIC,3,38,no,0,
1,IRC13,15,EROCIC,4,37,no,0,
1,IRC13,15,EROCIC,5,18,no,0,
1,IRC13,15,EROCIC,6,0,no,0,
1,IRC13,20,EROCIC,1,12,no,0,
1,IRC13,20,EROCIC,2,65,no,0,
1,IRC13,25,EROCIC,1,22,no,0,
1,IRC13,25,EROCIC,2,0,no,0,
1,IRC13,25,EROCIC,3,0,no,0,
1,IRC13,25,EROCIC,4,2,no,0,
1,IRC13,25,EROCIC,5,6,yes,4,
1,IRC13,,PHAPAR,,0,no,0,
2,IRC13,20,ACMGLA,1,27,no,0,
2,IRC13,20,ACMGLA,2,5,no,0,
2,IRC13,20,ACMGLA,3,134,no,0,
2,IRC13,20,ACMGLA,4,53,no,0,
2,IRC13,0,BRANIG,1,509,no,0,
2,IRC13,0,BRANIG,2,317,no,0,
2,IRC13,0,EROCIC,1,1,no,0,
2,IRC13,0,EROCIC,2,42,no,0,
2,IRC13,10,EROCIC,1,78,no,0,
2,IRC13,10,EROCIC,2,20,no,0,
2,IRC13,10,EROCIC,3,30,yes,30,
2,IRC13,10,EROCIC,4,1,yes,1,
2,IRC13,10,EROCIC,5,25,no,0,
2,IRC13,15,EROCIC,1,0,no,0,
2,IRC13,15,EROCIC,2,178,yes,1,
2,IRC13,15,EROCIC,3,0,no,0,
2,IRC13,25,EROCIC,1,30,no,0,
2,IRC13,25,EROCIC,1,3,no,0,
2,IRC13,25,EROCIC,2,2,no,0,
2,IRC13,25,EROCIC,2,1,no,0,
2,IRC13,25,EROCIC,3,0,no,0,
2,IRC13,45,EROCIC,1,1,no,0,
2,IRC13,45,EROCIC,2,2,no,0,
2,IRC13,45,EROCIC,3,1,no,0,
2,IRC13,,PHAPAR,1,49,no,0,
2,IRC13,,PHAPAR,1,1,no,0,
2,IRC13,,PHAPAR,2,193,no,0,
2,IRC13,,PHAPAR,2,106,no,0,
2,IRC13,,PHAPAR,3,103,no,0,
2,IRC13,,PHAPAR,3,6,no,0,
2,IRC13,,PHAPAR,4,67,no,0,
2,IRC13,,PHAPAR,5,82,no,0,
2,IRC13,,SALMEL,1,2,no,0,
2,IRC13,,SALMEL,2,1,no,0,
2,IRC13,,SALMEL,3,15,no,0,
2,IRC13,,SALMEL,4,7,no,0,
2,IRC13,,SALMEL,5,1,no,0,
2,IRC13,,SALMEL,6,5,no,0,
2,IRC13,,SALMEL,7,17,no,0,
2,IRC13,,SALMEL,8,18,yes,1,
2,IRC13,,SALMEL,9,5,no,0,
3,IRC13,10,EROCIC,1,0,no,0,
3,IRC13,10,EROCIC,2,2,no,0,
3,IRC13,10,EROCIC,3,1,no,0,
3,IRC13,10,EROCIC,4,16,no,0,
3,IRC13,10,EROCIC,5,17,no,0,
3,IRC13,10,EROCIC,6,0,no,0,
3,IRC13,10,EROCIC,7,0,no,0,
3,IRC13,10,EROCIC,8,0,no,0,
1,IRC23,8,BRANIG,1,194,no,0,
1,IRC23,8,BRANIG,2,20,no,0,
1,IRC23,8,BRANIG,3,120,no,0,
1,IRC23,8,BRANIG,4,189,no,0,
1,IRC23,8,BRANIG,5,55,no,0,
1,IRC23,8,BRANIG,6,65,no,0,
1,IRC23,45,CALMAC,1,164,no,0,
1,IRC23,35,EROCIC,2,39,no,0,
1,IRC23,35,EROCIC,3,30,no,0,
1,IRC23,35,EROCIC,4,28,no,0,
1,IRC23,35,EROCIC,5,40,no,0,
1,IRC23,20,PHAPAR,1,13,no,0,
1,IRC23,20,PHAPAR,2,4,no,0,
1,IRC23,20,PHAPAR,4,18,no,0,
1,IRC23,20,PHAPAR,5,2,no,0,
1,IRC23,,PHAPAR,1,11,yes,1,
1,IRC23,,PHAPAR,2,11,no,0,
1,IRC23,,PHAPAR,3,3,no,0,
1,IRC23,,PHAPAR,4,0,no,0,
1,IRC23,,PHAPAR,5,1,no,0,
1,IRC23,,PHAPAR,6,7,no,0,
2,IRC23,25,CALMAC,1,141,no,0,
2,IRC23,25,CALMAC,2,170,no,0,
2,IRC23,20,EROCIC,1,66,no,0,
2,IRC23,20,EROCIC,2,42,no,0,
2,IRC23,20,EROCIC,3,1,no,0,
2,IRC23,20,PHAPAR,1,29,no,0,
2,IRC23,20,PHAPAR,2,117,yes,1,
2,IRC23,20,PHAPAR,3,45,yes,1,
2,IRC23,20,PHAPAR,4,117,no,0,
2,IRC23,25,PHAPAR,1,123,no,0,
2,IRC23,25,PHAPAR,1,63,yes,58,
2,IRC23,25,PHAPAR,2,88,yes,1,
2,IRC23,25,PHAPAR,2,4,no,0,
2,IRC23,25,PHAPAR,3,132,yes,2,
2,IRC23,25,PHAPAR,3,73,yes,3,
2,IRC23,25,PHAPAR,4,5,no,0,
2,IRC23,9,SALMEL,1,4,no,0,
2,IRC23,9,SALMEL,2,0,no,0,
2,IRC23,9,SALMEL,3,3,no,0,
2,IRC23,9,SALMEL,4,11,no,0,
2,IRC23,9,SALMEL,5,1,no,0,
2,IRC23,9,SALMEL,6,0,no,0,
2,IRC23,,SALMEL,1,4,no,0,
2,IRC23,,SALMEL,2,0,no,0,
2,IRC23,,SALMEL,3,4,no,0,
2,IRC23,,SALMEL,4,1,no,0,
2,IRC23,,SALMEL,5,0,no,0,
3,IRC23,0,EROCIC,1,56,no,0,
3,IRC23,0,EROCIC,3,4,yes,4,
3,IRC23,10,EROCIC,1,34,no,0,
3,IRC23,10,EROCIC,2,48,no,0,
3,IRC23,10,EROCIC,3,54,no,0,
3,IRC23,10,EROCIC,4,38,no,0,
3,IRC23,10,EROCIC,5,41,no,0,
3,IRC23,10,EROCIC,6,6,no,0,
3,IRC23,10,EROCIC,7,44,no,0,
3,IRC23,10,EROCIC,8,62,no,0,
3,IRC23,10,EROCIC,9,19,yes,1,
3,IRC23,15,EROCIC,1,23,yes,22,
3,IRC23,15,EROCIC,2,4,no,0,
3,IRC23,15,EROCIC,3,49,no,0,
3,IRC23,20,EROCIC,1,1,no,0,
3,IRC23,20,EROCIC,2,11,no,0,
3,IRC23,20,EROCIC,3,41,no,0,
3,IRC23,35,EROCIC,1,95,no,0,
3,IRC23,35,EROCIC,2,35,no,0,
3,IRC23,40,EROCIC,1,36,no,0,
3,IRC23,40,EROCIC,2,11,no,0,
3,IRC23,0,PHAPAR,1,33,no,0,
3,IRC23,0,PHAPAR,2,43,no,0,
3,IRC23,,PHAPAR,1,16,yes,1,
3,IRC23,,PHAPAR,2,4,no,0,
3,IRC23,,PHAPAR,3,17,no,0,
3,IRC23,,PHAPAR,4,67,no,0,
3,IRC23,,PHAPAR,5,56,no,0,
3,IRC23,0,SALMEL,1,0,no,0,
3,IRC23,0,SALMEL,2,0,no,0,
3,IRC23,0,SALMEL,3,2,no,0,
3,IRC23,0,SALMEL,4,0,no,0,
3,IRC23,0,SALMEL,5,0,no,0,
3,IRC23,0,SALMEL,6,2,no,0,
,IRC23,,SALMEL,1,0,no,0,
,IRC23,,SALMEL,2,0,no,0,
,IRC23,,SALMEL,3,1,no,0,
,IRC23,,SALMEL,4,6,no,0,
,IRC23,,SALMEL,5,0,no,0,
,IRC23,,SALMEL,6,3,no,0,
,IRC23,,SALMEL,7,2,yes,1,
1,SS03,45,AMSMEN,1,10,no,0,
1,SS03,45,AMSMEN,2,54,no,0,
1,SS03,30,CALMAC,1,149,no,0,
1,SS03,15,CALMEN,1,9,no,0,
1,SS03,20,CALMEN,1,157,no,0,
1,SS03,20,EROBOT,1,26,no,0,
1,SS03,25,EROBOT,1,84,no,0,
1,SS03,40,EROBOT,1,23,no,0,
1,SS03,5,EROCIC,1,33,no,0,
1,SS03,5,EROCIC,2,50,yes,1,
1,SS03,40,EROCIC,1,4,no,0,
1,SS03,15,GILANG,1,24,yes,1,
1,SS03,15,GILANG,2,120,yes,3,
1,SS03,15,GILANG,3,21,no,0,
2,SS03,,BRANIG,1,177,no,0,
2,SS03,,BRANIG,1,356,no,0,
2,SS03,,BRANIG,2,348,no,0,
2,SS03,,BRANIG,2,289,no,0,
2,SS03,,BRANIG,3,282,yes,1,
2,SS03,,BRANIG,3,200,no,0,
2,SS03,,BRANIG,4,519,no,0,
2,SS03,,BRANIG,4,252,no,0,
2,SS03,,BRANIG,5,445,no,0,
2,SS03,45,EROBOT,2,8,no,0,
2,SS03,45,EROBOT,3,0,no,0,
2,SS03,45,EROBOT,5,10,no,0,
2,SS03,45,EROBOT,6,23,no,0,
2,SS03,10,EROCIC,1,1,no,0,
2,SS03,,GILANG,1,192,no,0,
2,SS03,,GILANG,2,147,no,0,
2,SS03,,GILANG,3,118,no,0,
2,SS03,,GILANG,4,395,no,0,
2,SS03,,GILANG,5,62,no,0,
2,SS03,,SALMEL,1,76,no,0,
2,SS03,,SALMEL,2,1,no,0,
2,SS03,,SALMEL,2,27,no,0,
2,SS03,,SALMEL,3,4,no,0,
2,SS03,,SALMEL,3,5,no,0,
2,SS03,,SALMEL,4,19,no,0,
2,SS03,,SALMEL,5,1,no,0,
2,SS03,,SALMEL,6,3,no,0,
3,SS03,30,CALMAC,1,130,no,0,
3,SS03,35,CALMAC,1,78,no,0,
3,SS03,40,CALMAC,1,200,no,0,
3,SS03,40,CALMAC,3,115,no,0,
3,SS03,40,CALMAC,6,94,no,0,
3,SS03,40,CALMAC,7,31,no,0,
3,SS03,40,CALMAC,8,220,no,0,
3,SS03,40,CALMAC,9,66,no,0,
3,SS03,40,CALMAC,10,152,no,0,
3,SS03,0,EROBOT,1,27,no,0,
3,SS03,5,EROBOT,1,6,no,0,
3,SS03,5,EROBOT,2,53,no,0,
3,SS03,10,EROBOT,1,32,no,0,
3,SS03,10,EROBOT,2,73,no,0,
3,SS03,10,EROBOT,3,21,no,0,
3,SS03,10,EROBOT,4,34,no,0,
3,SS03,10,EROBOT,5,59,yes,1,
3,SS03,10,EROBOT,6,12,yes,1,
3,SS03,10,EROBOT,7,27,no,0,
3,SS03,10,EROBOT,9,6,no,0,
3,SS03,15,EROBOT,1,11,no,0,
3,SS03,15,EROBOT,2,3,no,0,
3,SS03,15,EROBOT,3,6,no,0,
3,SS03,15,EROBOT,4,8,no,0,
3,SS03,15,EROBOT,5,37,no,0,
3,SS03,15,EROBOT,6,29,no,0,
3,SS03,15,EROBOT,7,28,no,0,
3,SS03,15,EROBOT,8,60,no,0,
3,SS03,20,EROBOT,1,24,no,0,
3,SS03,20,EROBOT,2,38,no,0,
3,SS03,20,EROBOT,3,45,no,0,
3,SS03,20,EROBOT,4,40,no,0,
3,SS03,20,EROBOT,5,10,no,0,
3,SS03,25,EROBOT,1,8,no,0,
3,SS03,25,EROBOT,2,1,no,0,
3,SS03,25,EROBOT,3,32,yes,1,
3,SS03,25,EROBOT,4,18,no,0,
3,SS03,25,EROBOT,5,4,no,0,
3,SS03,25,EROBOT,6,9,no,0,
3,SS03,45,EROBOT,1,22,yes,1,
3,SS03,45,EROBOT,2,21,yes,12,
3,SS03,45,EROCIC,1,6,no,0,
3,SS03,45,SALMEL,1,5,no,0,
3,SS03,45,SALMEL,2,1,no,0,
3,SS03,45,SALMEL,3,2,no,0,
3,SS03,45,SALMEL,4,1,no,0,
3,SS03,45,SALMEL,5,0,no,0,
3,SS03,45,SALMEL,6,0,no,0,
3,SS03,45,SALMEL,7,0,no,0,
3,SS03,45,SALMEL,8,0,no,0,
3,SS03,,SALMEL,1,7,no,0,
3,SS03,,SALMEL,2,2,no,0,
3,SS03,,SALMEL,4,3,no,0,
3,SS03,,SALMEL,5,7,no,0,
3,SS03,,SALMEL,6,12,no,0,
3,SS03,,SALMEL,7,0,no,0,
3,SS03,,SALMEL,8,6,yes,1,
1,SS04,10,EMMPEN,1,10,no,0,
1,SS04,10,EMMPEN,2,10,no,0,
1,SS04,10,EMMPEN,3,121,no,0,
1,SS04,10,EMMPEN,4,42,no,0,
1,SS04,10,EMMPEN,5,76,no,0,
1,SS04,4,EROBOT,1,52,yes,1,
1,SS04,4,EROBOT,2,32,no,0,
1,SS04,4,EROBOT,3,11,no,0,
1,SS04,4,EROBOT,4,12,no,0,
1,SS04,4,EROBOT,5,47,no,0,
1,SS04,5,EROCIC,1,76,no,0,
1,SS04,5,EROCIC,2,45,no,0,
1,SS04,5,EROCIC,3,50,no,0,
1,SS04,5,EROCIC,4,52,no,0,
1,SS04,10,EROCIC,1,57,no,0,
1,SS04,10,EROCIC,1,41,no,0,
1,SS04,10,EROCIC,2,40,no,0,
1,SS04,10,EROCIC,3,27,no,0,
1,SS04,10,EROCIC,4,57,no,0,
1,SS04,10,EROCIC,5,47,no,0,
1,SS04,40,EROCIC,1,11,no,0,
1,SS04,40,EROCIC,2,25,no,0,
1,SS04,40,EROCIC,3,64,yes,3,
1,SS04,40,EROCIC,4,9,no,0,
1,SS04,5,EROMOS,2,64,no,0,
1,SS04,5,EROMOS,3,46,no,0,
1,SS04,5,GILANG,1,56,no,0,
1,SS04,5,GILANG,2,73,yes,9,
1,SS04,5,GILANG,3,64,no,0,
1,SS04,5,GILANG,4,196,yes,1,
1,SS04,5,GILANG,5,112,yes,6,
1,SS04,10,GILANG,1,40,no,0,
1,SS04,10,GILANG,2,167,yes,1,
1,SS04,45,SALMEL,1,2,no,0,
1,SS04,45,SALMEL,2,4,no,0,
1,SS04,45,SALMEL,3,2,no,0,
2,SS04,10,BRANIG,1,226,no,0,
2,SS04,10,BRANIG,2,181,no,0,
2,SS04,10,BRANIG,3,340,no,0,
2,SS04,10,BRANIG,4,374,no,0,
2,SS04,25,BRANIG,1,426,no,0,
2,SS04,25,BRANIG,2,256,no,0,
2,SS04,25,BRANIG,3,197,no,0,
2,SS04,25,BRANIG,4,230,no,0,
2,SS04,5,EROCIC,1,89,no,0,
2,SS04,5,EROCIC,2,77,no,0,
2,SS04,10,EUCCHR,1,25,no,0,
2,SS04,10,EUCCHR,2,12,no,0,
2,SS04,10,EUCCHR,3,26,no,0,
2,SS04,10,EUCCHR,4,7,yes,1,
2,SS04,15,EUCCHR,1,109,no,0,
2,SS04,15,EUCCHR,2,20,no,0,
2,SS04,15,EUCCHR,3,60,no,0,
2,SS04,15,EUCCHR,4,33,no,0,
2,SS04,15,EUCCHR,5,28,no,0,
2,SS04,4,PHAPAR,1,557,yes,6,
2,SS04,35,SALMEL,1,0,no,0,
2,SS04,35,SALMEL,2,1,no,0,
2,SS04,35,SALMEL,3,0,no,0,
2,SS04,35,SALMEL,3,2,no,0,
2,SS04,35,SALMEL,4,7,no,0,
2,SS04,35,SALMEL,5,3,no,0,
2,SS04,35,SALMEL,5,9,no,0,
2,SS04,40,SALMEL,1,5,no,0,
2,SS04,40,SALMEL,1,16,no,0,
2,SS04,40,SALMEL,2,5,no,0,
2,SS04,40,SALMEL,2,29,no,0,
2,SS04,40,SALMEL,3,0,no,0,
2,SS04,40,SALMEL,4,11,no,0,
2,SS04,40,SALMEL,5,18,no,0,
2,SS04,45,SALMEL,1,2,no,0,
2,SS04,45,SALMEL,1,1,no,0,
2,SS04,45,SALMEL,2,2,no,0,
2,SS04,45,SALMEL,2,17,no,0,
2,SS04,45,SALMEL,3,10,no,0,
2,SS04,45,SALMEL,3,33,no,0,
2,SS04,45,SALMEL,4,8,no,0,
2,SS04,45,SALMEL,5,14,no,0,
2,SS04,45,SALMEL,6,6,no,0,
2,SS04,45,SALMEL,7,36,no,0,
3,SS04,15,EROCIC,1,1,no,0,
3,SS04,5,GILANG,1,308,no,0,
3,SS04,10,GILANG,1,129,no,0,
3,SS04,15,GILANG,1,25,no,0,
3,SS04,20,GILANG,1,185,no,0,
3,SS04,20,GILANG,2,142,yes,1,
3,SS04,20,GILANG,3,246,no,0,
3,SS04,20,GILANG,4,295,no,0,
3,SS04,25,SALMEL,1,5,yes,1,
3,SS04,25,SALMEL,2,2,yes,1,
3,SS04,25,SALMEL,3,3,no,0,
3,SS04,35,SALMEL,1,7,no,0,
3,SS04,35,SALMEL,2,8,no,0,
3,SS04,35,SALMEL,3,4,no,0,
3,SS04,35,SALMEL,4,7,no,0,
3,SS04,35,SALMEL,5,0,no,0,
3,SS04,35,SALMEL,6,5,no,0,
3,SS04,35,SALMEL,7,4,no,0,
3,SS04,40,SALMEL,2,2,no,0,
3,SS04,40,SALMEL,3,2,no,0,
3,SS04,40,SALMEL,4,2,no,0,
3,SS04,40,SALMEL,5,2,no,0,
3,SS04,40,SALMEL,6,24,no,0,
3,SS04,40,SALMEL,7,14,no,0,
3,SS04,40,SALMEL,8,8,no,0,
3,SS04,40,SALMEL,9,1,no,0,
3,SS04,45,SALMEL,1,2,no,0,
3,SS04,45,SALMEL,2,6,no,0,
3,SS04,45,SALMEL,4,6,no,0,
3,SS04,45,SALMEL,5,13,no,0,
3,SS04,45,SALMEL,6,1,no,0,
1,SS05,0,CALMAC,1,128,yes,1,
1,SS05,0,CALMAC,2,192,no,0,
1,SS05,0,CALMAC,3,74,yes,2,
1,SS05,0,CALMAC,4,51,no,0,
1,SS05,10,CALMAC,1,59,no,0,
1,SS05,10,CALMAC,2,305,no,0,
1,SS05,10,CALMAC,3,61,no,0,
1,SS05,25,CALMAC,1,106,no,0,
1,SS05,5,EROCIC,1,0,no,0,
1,SS05,5,EROCIC,2,74,no,0,
1,SS05,20,EROCIC,1,36,no,0,
1,SS05,20,EROCIC,2,27,no,0,
1,SS05,30,SALMEL,1,1,no,0,
1,SS05,30,SALMEL,1,1,no,0,
1,SS05,30,SALMEL,2,0,no,0,
1,SS05,30,SALMEL,2,0,no,0,
1,SS05,30,SALMEL,3,6,no,0,
1,SS05,30,SALMEL,3,1,no,0,
1,SS05,30,SALMEL,4,7,no,0,
1,SS05,30,SALMEL,4,1,no,0,
1,SS05,30,SALMEL,5,4,no,0,
1,SS05,35,SALMEL,1,15,no,0,
1,SS05,35,SALMEL,1,2,no,0,
1,SS05,35,SALMEL,2,12,no,0,
1,SS05,35,SALMEL,2,5,no,0,
1,SS05,35,SALMEL,3,4,no,0,
1,SS05,35,SALMEL,3,0,no,0,
1,SS05,35,SALMEL,4,3,no,0,
1,SS05,35,SALMEL,4,6,yes,1,
1,SS05,35,SALMEL,5,5,no,0,
1,SS05,35,SALMEL,5,8,no,0,
1,SS05,,SOLXAN,1,189,no,0,
1,SS05,,SOLXAN,2,312,yes,6,
2,SS05,5,EROCIC,1,20,no,0,
2,SS05,5,EROCIC,2,25,no,0,
2,SS05,45,EROCIC,1,105,yes,1,
2,SS05,45,EROCIC,2,51,no,0,
2,SS05,45,EROCIC,3,91,no,0,
2,SS05,45,EROCIC,4,64,no,0,
2,SS05,45,EROCIC,5,91,no,0,
2,SS05,45,EROCIC,6,193,no,0,
2,SS05,25,EROMOS,1,16,no,0,
2,SS05,25,EROMOS,2,20,yes,1,
2,SS05,35,SALMEL,1,12,no,0,
2,SS05,35,SALMEL,2,6,no,0,
2,SS05,35,SALMEL,3,21,no,0,
2,SS05,35,SALMEL,4,5,no,0,
2,SS05,35,SALMEL,5,5,no,0,
2,SS05,35,SALMEL,6,9,no,0,
2,SS05,35,SALMEL,7,3,no,0,
2,SS05,35,SALMEL,8,4,no,0,
2,SS05,35,SALMEL,9,5,no,0,
2,SS05,40,SALMEL,1,0,no,0,
2,SS05,40,SALMEL,2,4,no,0,
2,SS05,40,SALMEL,3,1,no,0,
2,SS05,40,SALMEL,4,1,no,0,
2,SS05,40,SALMEL,5,5,no,0,
2,SS05,40,SALMEL,6,2,no,0,
2,SS05,40,SALMEL,7,1,no,0,
2,SS05,40,SALMEL,8,13,no,0,
2,SS05,40,SALMEL,9,1,no,0,
2,SS05,40,SALMEL,10,14,no,0,
2,SS05,40,SALMEL,11,8,no,0,
2,SS05,4,SOLXAN,1,92,yes,5,
2,SS05,4,SOLXAN,2,24,no,0,
2,SS05,4,SOLXAN,3,111,yes,4,
2,SS05,4,SOLXAN,5,160,yes,4,
3,SS05,,ACMGLA,4,32,no,0,
3,SS05,,ACMGLA,5,24,no,0,
3,SS05,,ACMGLA,6,77,no,0,
3,SS05,,ACMGLA,6,23,no,0,
3,SS05,,ACMGLA,7,70,no,0,
3,SS05,,ACMGLA,8,71,no,0,
3,SS05,,ACMGLA,9,108,no,0,
3,SS05,,ACMGLA,10,22,no,0,
3,SS05,,ACMGLA,10,24,no,0,
3,SS05,45,BRANIG,2,229,no,0,
3,SS05,45,BRANIG,3,252,no,0,
3,SS05,45,BRANIG,4,5,no,0,
3,SS05,45,BRANIG,5,26,no,0,
3,SS05,35,SALMEL,1,82,no,0,
3,SS05,35,SALMEL,2,3,no,0,
3,SS05,35,SALMEL,3,40,no,0,
3,SS05,35,SALMEL,4,10,no,0,
3,SS05,35,SALMEL,5,2,no,0,
3,SS05,35,SALMEL,7,3,no,0,
3,SS05,35,SALMEL,8,27,no,0,
3,SS05,40,SALMEL,1,3,no,0,
3,SS05,40,SALMEL,2,4,no,0,
3,SS05,40,SALMEL,3,7,no,0,
3,SS05,40,SALMEL,4,2,no,0,
3,SS05,40,SALMEL,5,1,no,0,
3,SS05,40,SALMEL,6,0,no,0,
3,SS05,40,SALMEL,7,2,no,0,
3,SS05,40,SALMEL,8,0,no,0,
3,I40,45,ACMGLA,1,55,no,0,
3,I40,45,ACMGLA,2,43,no,0,
3,I40,45,ACMGLA,3,300,no,0,
3,I40,45,ACMGLA,4,73,no,0,
3,I40,45,ACMGLA,5,250,no,0,
3,I40,45,ACMGLA,6,230,no,0,
3,I40,45,ACMGLA,7,250,no,0,
3,I40,45,ACMGLA,8,113,no,0,
3,I40,45,ACMGLA,9,45,no,0,
3,I40,45,ACMGLA,10,125,no,0,
3,I08,40,ERIFAS,1,0,no,0,
3,I08,40,ERIFAS,2,0,no,0,
3,I08,40,ERIFAS,3,13,no,0,
3,I08,40,ERIFAS,4,0,no,0,
3,I08,40,ERIFAS,5,0,no,0,
3,I08,40,ERIFAS,6,2,no,0,
3,I08,40,ERIFAS,7,0,no,0,
3,I08,40,ERIFAS,8,0,no,0,
3,I08,40,ERIFAS,9,3,yes,1,
3,I08,5,ERIFAS,1,7,yes,2,
3,I08,5,ERIFAS,2,0,no,0,
3,I08,5,ERIFAS,3,7,yes,3,
3,I08,5,ERIFAS,4,2,no,0,
3,I08,5,ERIFAS,5,4,no,0,
3,I08,5,ERIFAS,6,2,no,0,
3,I08,5,ERIFAS,7,2,no,0,
3,I08,5,ERIFAS,8,1,no,0,
3,I08,5,ERIFAS,9,3,no,0,
3,BKR10,0,EROBOT,1,19,no,0,
3,BKR10,0,EROBOT,2,12,no,0,
3,BKR10,30,SALMEL,1,3,no,0,
3,BKR10,30,SALMEL,2,0,no,0,
3,BKR10,30,SALMEL,3,1,no,0,
3,BKR10,30,SALMEL,4,3,no,0,
3,BKR10,30,SALMEL,5,1,no,0,
3,BKR10,30,SALMEL,6,0,no,0,
3,BKR10,30,SALMEL,7,0,no,0,
3,BKR10,30,SALMEL,8,0,no,0,
3,BKR10,30,SALMEL,9,1,no,0,
3,SS05,30,ACMGLA,1,115,no,0,
3,SS05,30,ACMGLA,2,160,no,0,
3,SS05,30,ACMGLA,3,340,no,0,
3,SS05,30,ACMGLA,4,410,no,0,
3,SS05,30,ACMGLA,5,210,no,0,
3,SS05,30,ACMGLA,6,245,no,0,
3,IRC08,25,BRANIG,1,12,no,0,
3,IRC08,25,BRANIG,2,105,no,0,
3,IRC08,25,BRANIG,3,86,no,0,
3,IRC08,25,BRANIG,4,85,no,0,
3,IRC08,25,BRANIG,5,50,no,0,
3,IRC08,25,BRANIG,6,120,no,0,
3,IRC08,25,BRANIG,7,0,no,0,
3,IRC08,5,SALMEL,1,3,no,0,
3,IRC08,5,SALMEL,2,0,no,0,
3,IRC08,5,SALMEL,3,20,no,0,
3,IRC08,5,SALMEL,4,5,no,0,
3,IRC08,5,SALMEL,5,5,no,0,
3,IRC08,5,SALMEL,6,0,no,0,
3,IRC08,5,SALMEL,7,0,no,0,
3,IRC08,5,SALMEL,8,0,no,0,
3,IRC08,5,SALMEL,9,0,no,0,
3,SS05,10,ACMGLA,1,520,no,0,
3,SS05,10,ACMGLA,2,160,no,0,
3,SS05,10,ACMGLA,3,80,no,0,
3,SS05,0,BRANIG,1,150,no,0,
3,SS05,0,BRANIG,2,15,no,0,
3,IRC01,40,EUCCHR,1,15,no,0,
3,IRC01,40,EUCCHR,2,80,no,0,
3,IRC01,40,EUCCHR,3,20,no,0,
3,IRC01,40,EUCCHR,4,2,no,0,
3,IRC01,40,EUCCHR,5,115,no,0,
3,IRC01,25,ANAARV,1,130,no,0,
3,IRC01,40,ANAARV,1,140,no,0,
3,IRC01,35,ANAARV,1,70,no,0,
3,IRC01,35,ANAARV,2,23,no,0,
3,IRC01,0,SALMEL,1,2,no,0,
3,IRC01,0,SALMEL,2,3,no,0,
3,IRC01,0,SALMEL,3,0,no,0,
3,IRC01,0,SALMEL,4,0,no,0,
3,IRC01,0,SALMEL,5,4,no,0,
3,IRC01,0,SALMEL,6,8,no,0,
3,IRC01,0,SALMEL,7,2,no,0,
3,IRC01,0,SALMEL,8,3,no,0,
3,IRC01,0,SALMEL,9,3,no,0,
3,IRC01,0,SALMEL,10,6,yes,2,
3,IRC01,0,SALMEL,11,1,no,0,
3,IRC01,5,SALMEL,1,17,no,0,
3,IRC01,5,SALMEL,2,3,no,0,
3,IRC01,5,SALMEL,3,1,no,0,
3,IRC01,5,SALMEL,4,17,no,0,
3,IRC01,5,SALMEL,5,1,no,0,
3,IRC01,5,SALMEL,6,8,yes,2,
3,IRC01,5,SALMEL,7,13,no,0,
3,IRC01,5,SALMEL,8,0,no,0,
3,IRC01,5,SALMEL,9,22,no,0,
3,IRC01,5,SALMEL,10,3,no,0,
3,IRC01,0,SALMEL,1,0,no,0,
3,IRC01,0,SALMEL,2,30,no,0,
3,IRC01,0,SALMEL,3,5,no,0,
3,IRC01,0,SALMEL,4,25,no,0,
3,IRC01,0,SALMEL,5,9,no,0,
3,IRC01,0,SALMEL,6,11,no,0,
3,IRC01,0,SALMEL,7,5,no,0,
3,IRC01,0,SALMEL,8,17,no,0,
3,IRC01,15,SOLXAN,1,310,no,0,
3,IRC01,15,SOLXAN,2,14,no,0,
3,IRC01,15,SOLXAN,3,55,no,0,
3,IRC01,15,SOLXAN,4,1,no,0,
3,IRC01,15,SOLXAN,5,160,no,0,
3,IRC01,15,SOLXAN,6,330,no,0,
3,IRC01,35,BLOCRO,1,37,no,0,
3,IRC01,35,BLOCRO,2,0,no,0,
3,IRC01,35,BLOCRO,3,74,no,0,
3,IRC01,35,BLOCRO,4,2,no,0,
2,I40,35,GILANG,1,180,no,0,
2,I40,40,GILANG,1,3,no,0,
2,I40,40,GILANG,2,155,no,0,
2,I40,40,GILANG,3,90,no,0,
3,IRC01,20,SOLXAN,1,35,no,0,
3,IRC01,20,SOLXAN,2,100,no,0,
3,IRC01,25,BLOCRO,1,19,no,0,
3,IRC01,25,BLOCRO,2,2,no,0,
3,IRC01,25,BLOCRO,3,37,yes,32,
3,IRC01,25,BLOCRO,4,0,no,0,
3,IRC01,25,BLOCRO,5,70,no,0,
3,IRC01,25,BLOCRO,6,25,no,0,
3,IRC01,25,BLOCRO,7,1,no,0,
3,IRC01,20,BLOCRO,1,5,yes,1,
3,IRC01,20,BLOCRO,2,190,no,0,
3,IRC01,20,BLOCRO,3,0,no,0,
3,IRC01,20,BLOCRO,4,150,yes,2,
3,IRC01,10,BLOCRO,1,8,no,0,
3,IRC01,10,BLOCRO,2,6,no,0,
3,IRC01,10,BLOCRO,3,5,no,0,
1,GYP08,5,SALMEL,1,2,no,0,
1,GYP08,5,SALMEL,2,0,no,0,
1,GYP08,5,SALMEL,3,0,no,0,
1,GYP08,5,SALMEL,4,25,no,0,
1,GYP08,5,SALMEL,5,58,yes,2,
1,GYP08,5,SALMEL,6,1,no,0,
1,GYP08,5,SALMEL,7,2,no,0,
1,GYP08,5,SALMEL,8,6,no,0,
1,GYP08,5,SALMEL,9,10,no,0,
1,GYP08,5,SALMEL,10,7,no,0,
2,GYP08,5,SALMEL,1,0,no,0,
2,GYP08,5,SALMEL,2,5,no,0,
2,GYP08,5,SALMEL,3,2,no,0,
2,GYP08,5,SALMEL,4,10,no,0,
2,GYP08,5,SALMEL,5,4,no,0,
2,GYP08,5,SALMEL,6,3,no,0,
1,IRC23,10,EROCIC,1,115,no,0,
1,IRC23,10,EROCIC,2,21,no,0,
1,IRC23,10,EROCIC,3,75,no,0,
1,IRC23,10,EROCIC,4,3,no,0,
1,IRC23,10,EROCIC,5,50,no,0,
1,IRC23,10,EROCIC,6,52,no,0,
1,IRC23,10,EROCIC,7,65,no,0,
2,BKR07,35,GILANG,1,90,yes,9,
2,BKR07,35,GILANG,2,15,no,0,
2,BKR07,35,GILANG,3,105,yes,2,
2,BKR07,35,GILANG,4,120,yes,1,
2,I40,25,ACMGLA,1,540,no,0,
2,I40,25,ACMGLA,2,320,no,0,
2,I40,25,ACMGLA,3,60,yes,11,
2,I40,25,ACMGLA,4,15,no,0,
2,I40,25,ACMGLA,5,15,no,0,
2,I40,25,ACMGLA,6,13,yes,2,
2,I40,25,ACMGLA,7,490,no,0,
2,I40,25,ACMGLA,8,47,no,0,
2,I40,25,ACMGLA,9,25,no,0,
2,I08,20,BRANIG,1,210,no,0,
2,I08,20,BRANIG,2,290,no,0,
2,I08,20,BRANIG,3,470,no,0,
2,I08,20,BRANIG,4,390,no,0,
2,I08,20,BRANIG,5,350,no,0,
2,I08,20,BRANIG,6,190,no,0,
2,I40,20,ACMGLA,1,10,no,0,
2,I40,20,ACMGLA,2,30,no,0,
2,I40,20,ACMGLA,3,70,no,0,
2,I40,20,ACMGLA,4,15,yes,1,
3,I40,20,ACMGLA,1,120,no,0,
3,I40,20,ACMGLA,2,60,no,0,
3,I40,20,ACMGLA,3,65,no,0,
3,I40,20,ACMGLA,4,35,no,0,
3,I40,20,ACMGLA,5,70,no,0,
3,I40,20,ACMGLA,6,140,no,0,
3,I40,20,ACMGLA,7,150,no,0,
3,I40,20,ACMGLA,8,35,no,0,
3,I40,20,ACMGLA,9,200,no,0,
3,I40,20,ACMGLA,10,470,no,0,
3,I40,25,ACMGLA,1,80,no,0,
3,I40,25,ACMGLA,2,60,no,0,
3,I40,25,ACMGLA,3,40,no,0,
3,I40,25,ACMGLA,4,50,no,0,
3,I40,25,ACMGLA,5,560,no,0,
3,I40,25,ACMGLA,6,16,no,0,
3,I40,25,ACMGLA,7,100,no,0,
3,I40,25,ACMGLA,8,7,no,0,
3,I40,25,ACMGLA,9,130,no,0,
3,I40,25,ACMGLA,10,190,no,0,
3,I40,40,ACMGLA,1,140,no,0,
3,I40,40,ACMGLA,2,250,no,0,
3,I40,40,ACMGLA,3,80,no,0,
3,I40,40,ACMGLA,4,15,no,0,
3,I40,40,ACMGLA,5,13,no,0,
3,I40,40,ACMGLA,6,90,no,0,
3,I40,40,ACMGLA,7,240,no,0,
3,I40,40,ACMGLA,8,140,no,0,
3,I40,40,ACMGLA,9,70,no,0,
3,I40,40,ACMGLA,10,50,no,0,
3,I40,35,ACMGLA,1,320,no,0,
3,I40,35,ACMGLA,2,40,no,0,
3,I40,35,ACMGLA,3,520,no,0,
3,I40,35,ACMGLA,4,260,no,0,
3,I40,35,ACMGLA,5,140,no,0,
3,I40,35,ACMGLA,6,1550,no,0,
3,I40,35,ACMGLA,7,290,no,0,
3,I40,35,ACMGLA,8,80,no,0,
3,I40,35,ACMGLA,9,190,no,0,
3,I40,35,ACMGLA,10,15,no,0,
3,SS05,30,CALMAC,1,270,no,0,
3,SS05,30,CALMAC,2,50,no,0,
3,SS05,30,CALMAC,3,190,no,0,
3,SS05,30,CALMAC,4,55,no,0,
3,SS05,30,CALMAC,5,60,no,0,
3,SS05,30,CALMAC,6,180,no,0,
3,SS05,10,CALMAC,1,110,no,0,
3,SS05,10,CALMAC,2,85,no,0,
3,SS05,10,CALMAC,3,40,no,0,
3,SS05,10,CALMAC,4,140,no,0,
3,SS05,10,CALMAC,5,50,no,0,
3,SS05,0,CALMAC,1,5,no,0,
3,SS05,40,CALMAC,1,130,no,0,
3,I40,5,ACMGLA,1,440,no,0,
3,I40,5,ACMGLA,2,4,no,0,
3,I40,5,ACMGLA,3,70,no,0,
3,I40,5,ACMGLA,4,280,no,0,
3,I08,45,ACMGLA,1,300,no,0,
3,I08,45,ACMGLA,2,220,no,0,
3,I08,45,ACMGLA,3,160,no,0,
3,I08,45,ACMGLA,4,330,no,0,
3,I08,45,ACMGLA,5,80,no,0,
3,I08,45,ACMGLA,6,530,no,0,
3,I08,45,ACMGLA,7,80,no,0,
3,I08,45,ACMGLA,8,400,no,0,
3,I08,45,ACMGLA,9,310,no,0,
3,I08,45,ACMGLA,10,390,no,0,
3,IRC08,0,BRANIG,1,20,no,0,
3,IRC08,0,BRANIG,2,250,no,0,
3,IRC08,0,BRANIG,3,100,no,0,
3,IRC08,0,BRANIG,4,130,no,0,
3,IRC08,0,BRANIG,5,80,no,0,
3,IRC08,0,BRANIG,6,100,no,0,
3,IRC08,0,BRANIG,7,10,no,0,
3,IRC08,0,BRANIG,8,350,no,0,
3,IRC13,15,BRANIG,1,150,no,0,
3,IRC13,15,BRANIG,2,100,no,0,
3,IRC13,15,BRANIG,3,180,no,0,
3,IRC13,15,BRANIG,4,140,no,0,
3,IRC13,15,BRANIG,5,130,no,0,
3,IRC13,15,BRANIG,6,150,no,0,
3,IRC13,15,BRANIG,7,230,no,0,
3,IRC13,15,BRANIG,8,150,no,0,
3,IRC13,15,BRANIG,9,160,yes,3,
3,IRC13,15,BRANIG,10,150,no,0,
3,IRC08,10,SALMEL,1,0,no,0,
3,IRC08,10,SALMEL,2,6,no,0,
3,IRC08,10,SALMEL,3,55,no,0,
3,IRC08,10,SALMEL,4,5,no,0,
3,IRC08,10,SALMEL,5,2,no,0,
3,IRC08,10,SALMEL,6,50,no,0,
3,IRC08,10,SALMEL,7,1,no,0,
3,IRC08,10,SALMEL,8,2,no,0,
3,IRC08,10,SALMEL,9,4,no,0,
3,IRC08,10,SALMEL,10,1,no,0,
3,IRC08,45,BRANIG,1,170,no,0,
3,IRC08,45,BRANIG,2,65,no,0,
3,IRC08,45,BRANIG,3,130,no,0,
3,IRC08,45,BRANIG,4,170,no,0,
3,IRC08,45,BRANIG,5,160,yes,1,
3,IRC08,45,BRANIG,6,100,no,0,
3,IRC08,45,BRANIG,7,50,no,0,
3,IRC08,45,BRANIG,8,150,no,0,
3,IRC08,40,BRANIG,1,10,no,0,
3,IRC08,40,BRANIG,2,35,no,0,
3,IRC08,40,BRANIG,3,110,no,0,
3,IRC08,40,BRANIG,4,80,no,0,
3,IRC08,40,BRANIG,5,30,no,0,
3,IRC08,40,BRANIG,6,80,no,0,
3,IRC08,40,BRANIG,7,12,no,0,
3,IRC08,40,BRANIG,8,25,no,0,
3,IRC08,25,ACMGLA,1,970,no,0,
3,GYP09,33,ERIFAS,1,0,no,0,
3,GYP09,33,ERIFAS,2,0,no,0,
3,GYP09,33,ERIFAS,3,0,no,0,
3,GYP09,33,ERIFAS,4,2,no,0,
3,GYP09,33,ERIFAS,5,1,no,0,
3,GYP09,33,ERIFAS,6,1,no,0,
3,GYP09,33,ERIFAS,1,4,no,0,
3,GYP09,33,ERIFAS,2,2,no,0,
3,GYP09,33,ERIFAS,3,120,no,0,
3,GYP09,33,ERIFAS,4,8,no,0,
3,GYP09,33,ERIFAS,5,3,no,0,
3,GYP09,33,ERIFAS,6,4,no,0,
3,GYP09,33,ERIFAS,7,0,no,0,
3,GYP09,33,ERIFAS,8,1,no,0,
3,GYP09,33,ERIFAS,9,1,no,0,
3,GYP09,33,ERIFAS,10,2,no,0,
3,IRC08,5,BRANIG,1,430,no,0,
3,IRC08,5,BRANIG,2,220,no,0,
3,IRC08,5,BRANIG,3,170,no,0,
2,I02,35,ACMGLA,10,956,Yes,3,
2,I02,25,UNK Y,2,53,Yes,7,
2,I02,15,HIRINC,3,154,No,0,
2,I02,20,UNK Y,3,393,Yes,23,
2,GYP09,N/A,ESCCAL,2,878,Yes,4,
2,IRC23,15,PHAPAR,6,52,No,0,
2,GYP09,N/A,DICCAP,3,617,Yes,10,
2,I02,1,SALMEL,8,85,No,0,
2,I02,N/A,SISBEL,1,875,No,0,
2,GYP09,40,Purple CALO,1,292,Yes,3,
1,GYP04,N/A,PHAPAR,3,95,Yes,3,
2,GYP09,10,KECANT,5,160,No,0,
1,I08,35,EROCIC,1,98,Yes,2,
1,I08,15,EROCIC,2,93,No,0,
1,I08,35,EROCIC,2,159,Yes,1,
1,I08,10,EROCIC,2,1,No,0,
1,I08,0,EROCIC,3,190,Yes,1,
1,I40,N/A,SALMEL,5,66,Yes,1,
1,I08,25,EROCIC,3,123,Yes,2,
1,I08,40,EROCIC,2,192,Yes,1,
2,GYP02,0,SALMEL,8,46,Yes,1,
2,GYP02,40,SALMEL,11,21,No,0,
2,GYP02,10,SALMEL,3,2,No,0,
2,GYP02,5,SALMEL,6,28,No,0,
2,GYP02,45,SALMEL,8,25,No,0,
2,GYP02,25,SALMEL,7,19,No,0,
1,IRC13,0,EROCIC,8,41,No,0,
2,GYP02,N/A,CALMAC,1,127,Yes,13,
2,SS05,20,SALMEL,10,91,No,0,
3,SS05,10,SALMEL,5,52,Yes,1,
3,SS05,10,SALMEL,10,57,No,0,
3,SS05,10,CALMAC,1,246,Yes,4,
1,IRC13,N/A,EROCIC,2,216,Yes,3,
1,I08,N/A,ERIFAS,8,75,No,0,
1,GYP02,N/A,SOLXAN,4,512,No,0,
1,GYP02,N/A,SALMEL,8,33,No,0,
1,GYP02,N/A,SALMEL,8,38,No,0,
2,I08,10,SALMEL,5,26,No,0,
2,I40,15,SALMEL,9,31,Yes,1,
2,GYP08,N/A,EUCCHR,1,38,no,0,
2,GYP01,N/A,EROCIC,2,14,no,0,
2,GYP01,N/A,EROCIC,1,41,yes,2,
2,GYP01,N/A,EROCIC,3,65,yes,1,
2,GYP01,N/A,EROCIC,2,83,yes,1,
2,GYP01,N/A,EROCIC,1,46,no,0,
2,GYP01,N/A,EROCIC,3,71,no,0,
2,GYP08,N/A,EROCIC,3,37,no,0,
2,GYP08,N/A,EROCIC,2,49,no,0,
2,GYP08,N/A,EROCIC,1,27,no,0,
2,GYP08,5,CALMAC,1,78,no,0,
2,SS04,10,CALMAC,2,64,no,0,
2,SS04,10,CALMAC,1,29,yes,2,
1,I50,N/A,SISBEL,2,37,yes,14,
2,SS04,5,CALMAC,2,39,no,0,
2,SS04,5,CALMAC,1,67,no,0,
2,SS03,35,CALMAC,1,25,no,0,
2,SS03,35,CALMAC,2,93,yes,1,
2,SS04,10,CALMAC,2,40,no,0,
2,SS04,10,CALMAC,1,32,no,0,
2,SS04,0,CALMAC,1,43,no,0,
2,SS04,0,CALMAC,2,33,no,0,
2,SS04,0,CALMAC,3,23,no,0,
2,SS03,5,CALMAC,2,74,no,0,
2,SS03,5,CALMAC,1,35,no,0,
2,SS03,5,CALMAC,3,66,no,0,
2,SS04,0,CALMAC,3,55,no,0,
2,SS04,0,CALMAC,2,12,no,0,
2,SS04,0,CALMAC,1,20,no,0,
2,SS03,0,CALMAC,1,15,no,0,
2,SS03,0,CALMAC,2,11,no,0,
2,SS03,15,CALMAC,2,27,no,0,
2,SS03,15,CALMAC,1,19,no,0,
2,SS04,30,CALMAC,1,74,no,0,
2,SS04,30,CALMAC,2,45,no,0,
2,SS03,0,CALMAC,1,75,no,0,
2,SS03,0,CALMAC,2,42,no,0,
2,IRC01,N/A,CALMAC,1,146,yes,21,
2,IRC01,25,ANAARV,1,16,yes,1,
2,BKR07,25,ANAARV,1,45,no,0,
2,BKR07,25,ANAARV,2,43,no,0,
2,GYP01,N/A,EROBOT,3,39,no,0,
2,GYP01,N/A,EROBOT,2,32,yes,1,
2,GYP01,N/A,EROBOT,1,27,yes,3,
1,I50,N/A,Ero,1,16,yes,1,
2,GYP01,10,Ero,1,31,yes,2,
1,GYP04,30,EUCCHR,2,26,no,0,
1,GYP04,30,EUCCHR,1,36,yes,1,
1,SS04,20,CALMAC,1,29,no,0,
1,SS05,20,CALMAC,1,51,no,0,
1,SS05,20,CALMAC,2,61,no,0,
1,SS05,20,CALMAC,3,46,no,0,
1,SS05,20,CALMAC,4,31,no,0,
1,SS05,45,CALMAC,1,18,no,0,
1,SS05,30,CALMAC,1,42,no,0,
1,SS05,30,CALMAC,2,27,no,0,
1,SS05,30,CALMAC,3,35,no,0,
2,SS04,20,CALMAC,1,52,no,0,
2,SS04,20,CALMAC,2,68,no,0,
2,SS04,20,CALMAC,3,69,no,0,
1,SS05,5,CALMAC,1,44,no,0,
1,SS05,5,CALMAC,2,76,no,0,
1,SS05,5,CALMAC,3,42,no,0,
1,SS05,5,CALMAC,4,63,no,0,
1,SS05,N/A,CALMAC,1,12,no,0,
1,SS05,N/A,CALMAC,2,13,no,0,
1,SS05,N/A,CALMAC,3,21,no,0,
2,GYP01,10,ESCCAL,1,425,yes,13,
2,IRC23,20,CALMAC,1,124,no,0,
2,BD21,45,CALMAC,1,143,yes,2,
2,BD21,45,CALMAC,2,78,no,0,
2,IRC23,40,CALMAC,1,46,no,0,
2,IRC23,40,CALMAC,2,121,no,0,
2,IRC23,40,CALMAC,2,47,no,0,
2,IRC23,40,CALMAC,1,79,no,0,
2,IRC23,40,CALMAC,1,42,no,0,
2,IRC23,40,CALMAC,2,81,no,0,
2,IRC23,45,CALMAC,1,83,no,0,
2,IRC23,45,CALMAC,2,106,no,0,
2,IRC23,10,CALMAC,1,63,no,0,
2,IRC23,10,CALMAC,2,45,no,0,
2,IRC23,10,CALMAC,3,39,no,0,
2,IRC23,40,CALMAC,1,77,no,0,
2,IRC23,40,CALMAC,2,51,no,0,
2,IRC23,30,CALMAC,1,46,no,0,
2,IRC23,30,CALMAC,2,81,no,0,
2,IRC23,30,CALMAC,3,48,no,0,
2,IRC23,35,CALMAC,1,98,no,0,
2,IRC23,35,CALMAC,2,118,no,0,
1,GYP08,40,PHOAUR,1,162,no,0,
1,IRC08,20,CALMAC,1,10,yes,1,
1,GYP08,N/A,CALMAC,1,108,no,0,
1,GYP08,15,EROCIC,1,75,yes,1,
1,GYP08,30,EROCIC,2,103,yes,1,
1,GYP08,40,GILANG,1,24,yes,4,
1,GYP08,35,EUCCHR,2,59,no,0,
1,GYP08,35,EUCCHR,1,15,no,0,
2,IRC23,0,CALMAC,1,204,no,0,
2,IRC23,0,CALMAC,2,147,no,0,
2,IRC23,5,CALMAC,3,135,no,0,
2,IRC23,5,CALMAC,2,198,no,0,
2,IRC23,5,CALMAC,1,131,no,0,
2,IRC23,45,CALMAC,1,59,no,0,
2,IRC23,45,CALMAC,2,142,no,0,
2,IRC23,35,EROCIC,1,36,yes,2,
2,IRC23,15,EROCIC,1,34,no,0,
2,IRC23,15,EROCIC,2,3,yes,1,
2,IRC23,40,EROCIC,1,25,yes,1,
2,IRC23,40,EROCIC,2,26,yes,3,
2,IRC23,40,EROCIC,3,12,yes,5,
2,GYP08,N/A,EROBOT,1,53,no,0,
2,GYP08,N/A,EROBOT,2,16,yes,1,
2,GYP08,N/A,EROBOT,3,73,yes,2,
1,GYP01,N/A,EUCCHR,1,28,no,0,
1,GYP01,N/A,EUCCHR,2,44,no,0,
1,I50,35,GILANG,1,86,yes,7,
1,GYP09,10,GILANG,1,44,no,0,
1,I02,15,HIRINC,1,138,yes,5,
1,I02,15,HIRINC,2,89,yes,2,
1,I02,10,HIRINC,1,57,yes,4,
1,I02,30,HIRINC,1,103,yes,3,
1,I02,30,HIRINC,2,79,yes,2,
1,I02,30,HIRINC,3,145,yes,8,
1,I50,N/A,CALCIL,1,168,no,0,
1,I50,N/A,CALCIL,2,56,no,0,
1,I50,N/A,CALCIL,3,63,no,0,
1,I02,N/A,CALMAC,2,57,no,0,
1,I02,N/A,CALMAC,1,51,no,0,
1,I02,N/A,CALMAC,3,46,no,0,
1,GYP09,40,CALMAC,1,23,no,0,
1,GYP09,40,CALMAC,2,25,no,0,
1,GYP09,40,CALMAC,3,63,no,0,
1,I02,N/A,CALMAC,1,37,no,0,
1,I02,N/A,CALMAC,2,40,no,0,
1,I02,N/A,CALMAC,3,8,no,0,
1,SS05,0,CALMAC,1,33,no,0,
1,SS05,0,CALMAC,2,54,no,0,
1,SS05,0,CALMAC,3,19,no,0,
2,IRC01,N/A,CALOCHORTUS,1,82,yes,12,
2,IRC01,N/A,CALOCHORTUS,1,11,yes,2,
2,IRC01,N/A,CALOCHORTUS,2,6,no,0,
1,IRC23,20,EROCIC,1,35,no,0,
1,IRC23,20,EROCIC,2,51,no,0,
1,IRC23,20,EROCIC,3,12,no,0,
2,IRC01,N/A,CALOCHORTUS,1,234,yes,22,
2,IRC23,45,CALMAC,1,71,no,0,
2,IRC23,45,CALMAC,2,63,no,0,
2,IRC23,N/A,EROCIC,1,20,no,0,
2,IRC23,N/A,EROCIC,2,7,no,0,
2,IRC23,N/A,EROCIC,3,0,no,0,
2,IRC01,45,EROCIC,1,67,no,0,
1,SS05,45,EROBOT,1,8,yes,1,
1,SS05,45,EROCIC,1,18,yes,2,
1,SS05,N/A,EROCIC,1,27,no,0,
1,BKR10,35,EROCIC,1,3,no,0,
1,IRC08,15,EUCCHR,1,14,no,0,
1,IRC08,N/A,PHAPAR,1,26,yes,6,
2,IRC01,20,,1,12,yes,2,
1,IRC08,15,CALMAC,1,67,no,0,
1,IRC08,15,CALMAC,2,46,no,0,
1,IRC08,25,CALMAC,1,44,no,0,
2,SS04,25,CALMAC,1,25,no,0,
2,SS04,25,CALMAC,2,81,no,0,
2,SS04,25,CALMAC,3,22,no,0,
2,IRC23,15,CALMAC,1,133,no,0,
2,IRC23,15,CALMAC,2,159,no,0,
2,IRC23,15,CALMAC,3,18,no,0,
2,IRC23,15,CALMAC,4,24,no,0,
2,SS03,40,CALMAC,1,26,no,0,
2,SS03,40,CALMAC,2,14,no,0,
2,SS03,40,CALMAC,3,0,no,0,
1,IRC08,35,CALMAC,1,32,no,0,
1,IRC08,10,CALMAC,1,69,no,0,
1,IRC08,10,CALMAC,2,50,no,0,
1,I02,0,HIRINC,1,217,yes,13,
1,I02,0,HIRINC,2,173,yes,8,
1,I02,0,HIRINC,3,78,yes,6,
1,I50,N/A,GILANG,1,82,yes,2,
1,I50,N/A,GILANG,2,45,no,0,
1,I50,N/A,GILANG,3,156,yes,7,
2,SS05,25,GILANG,1,76,no,0,
2,SS05,20,GILANG,1,20,yes,7,
2,BKR10,N/A,CALO,1,270,yes,20,
2,I14,15,LUPTRE,1,29,no,0,
1,I15,25,EROMOS,3,27,no,0,
1,I15,25,EROMOS,1,41,no,0,
1,I15,25,EROMOS,2,27,no,0,
1,I14,30,LUPTRE?,1,44,no,0,
2,IRC01,0,EROCIC,1,53,no,0,
2,IRC01,0,EROCIC,2,24,no,0,
2,IRC01,0,EROCIC,3,54,no,0,
2,IRC01,0,EROCIC,4,41,no,0,
1,IRC23,25,EROCIC,1,62,no,0,
1,IRC23,25,EROCIC,2,9,no,0,
1,IRC23,25,EROCIC,3,23,no,0,
1,IRC23,40,EROCIC,1,20,no,0,
1,IRC23,40,EROCIC,2,54,no,0,
1,IRC23,40,EROCIC,3,57,no,0,
1,IRC23,40,EROCIC,4,19,no,0,
1,IRC23,45,EROCIC,1,49,no,0,
1,IRC23,45,EROCIC,2,38,no,0,
1,I08,20,Mustard,1,220,no,0,
1,I08,20,Mustard,2,160,no,0,
1,I08,20,Mustard,3,110,no,0,
1,I08,20,Mustard,4,140,no,0,
2,IRC01,30,EROCIC,1,43,no,0,
2,IRC01,30,EROCIC,2,41,no,0,
2,IRC01,30,EROCIC,3,13,no,0,
2,BKR07,N/A,EROCIC,1,18,no,0,
2,BKR07,N/A,EROCIC,2,32,no,0,
2,BKR07,N/A,EROCIC,3,6,no,0,
2,IRC01,40,EROCIC,1,21,no,0,
2,IRC01,40,EROCIC,2,27,no,0,
2,IRC01,40,EROCIC,3,26,no,0,
1,I40,N/A,BRANG,1,190,yes,12,
1,I40,5,EUCCHR,1,36,no,0,
1,I40,N/A,EROBOT,1,64,no,0,
2,SS05,40,CALMAC,1,83,no,0,
2,SS05,40,CALMAC,2,99,no,0,
2,SS05,40,CALMAC,3,39,no,0,
1,I40,40,EROBOT,1,42,no,0,
1,I40,40,EROBOT,2,27,no,0,
1,I40,30,EROBOT,1,5,no,0,
1,I40,30,EROBOT,2,17,no,0,
1,I40,30,EROBOT,3,14,no,0,
1,IRC23,0,CALMAC,1,47,no,0,
1,IRC23,0,CALMAC,2,114,no,0,
1,IRC23,40,CALMAC,1,35,no,0,
1,IRC23,30,CALMAC,1,42,no,0,
1,IRC23,30,CALMAC,2,60,no,0,
1,IRC23,N/A,CALMAC,1,129,no,0,
1,IRC23,N/A,CALMAC,2,51,no,0,
1,SS05,30,CALMAC,1,32,no,0,
1,SS05,30,CALMAC,2,36,no,0,
1,IRC23,15,PHARAR,1,39,yes,7,
1,I50,45,BRANIG,1,159,yes,4,
1,I50,45,BRANIG,2,135,yes,3,
1,I50,45,BRANIG,3,103,no,0,
1,I20,30,ESCCAL,1,176,no,0,
1,I20,30,ESCCAL,2,410,no,0,
1,I20,45,ESCCAL,1,200,no,0,
1,I20,45,ESCCAL,2,170,no,0,
1,I20,45,ESCCAL,3,350,no,0,
1,I20,10,ESCCAL,1,270,no,0,
1,I20,10,ESCCAL,2,330,no,0,
1,I20,10,ESCCAL,3,310,no,0,
1,I50,30,LUPBIC,1,65,no,0,
1,I50,30,LUPBIC,2,31,no,0,
1,I20,,LUPBIC,1,38,no,0,
1,I20,,LUPBIC,2,82,no,0,
2,SS04,0,EROBOT,1,33,no,0,
2,SS04,0,EROBOT,2,14,no,0,
2,SS03,15,EROBOT,1,27,no,0,
2,SS03,15,EROBOT,2,18,no,0,
2,SS03,15,EROBOT,1,15,no,0,
2,SS03,15,EROBOT,2,9,no,0,
2,SS03,20,EROBOT,1,21,no,0,
2,SS03,20,EROBOT,2,24,no,0,
2,SS03,30,EROBOT,1,32,no,0,
2,SS03,5,EROBOT,1,17,no,0,
2,SS03,5,EROBOT,2,26,no,0,
2,SS03,0,EROBOT,1,5,no,0,
2,SS03,0,EROBOT,2,19,yes,2,
2,SS03,0,EROBOT,3,18,yes,1,
2,SS03,0,EROBOT,4,27,yes,2,
2,SS03,0,EROBOT,5,18,yes,1,
2,SS03,40,EROBOT,1,32,no,0,
2,SS03,40,EROBOT,2,14,no,0,
2,SS03,40,EROBOT,3,6,no,0,
2,SS03,25,EROBOT,1,15,no,0,
2,SS03,25,EROBOT,2,20,no,0,
2,SS03,25,EROBOT,3,24,no,0,
2,SS03,25,EROBOT,4,9,no,0,
1,IRC23,30,DICCAP,1,330,yes,6,
1,IRC23,15,DICCAP,1,290,yes,6,
1,I14,N/A,DICCAP,1,390,yes,11,
2,SS05,45,DICCAP,1,150,yes,14,
1,GYP08,N/A,DICCAP,1,230,yes,7,
2,IRC01,10,DICCAP,1,31,no,0,
2,IRC01,10,DICCAP,2,150,yes,5,
2,IRC01,10,DICCAP,3,45,no,0,
2,BKR07,35,DICCAP,1,200,yes,9,
2,BKR07,35,DICCAP,2,140,yes,7,
2,SS03,10,EROBOT,1,48,no,0,
2,SS03,10,EROBOT,2,35,no,0,
2,SS03,10,EROBOT,6,17,no,0,
2,SS03,10,EROBOT,3,23,no,0,
2,SS03,10,EROBOT,4,10,no,0,
2,SS03,10,EROBOT,5,31,no,0,
2,IRC01,N/A,CALOCHORTUS,1,350,yes,12,
1,IRC01,25,EUCCHR,1,38,no,0,
1,IRC01,25,EUCCHR,2,25,no,0,
1,IRC01,25,EUCCHR,3,24,no,0,
1,IRC01,25,EUCCHR,4,51,no,0,
1,IRC01,35,EROCIC,1,52,no,0,
1,IRC01,35,EROCIC,2,47,no,0,
1,IRC01,35,EROCIC,3,33,no,0,
1,IRC01,35,EROCIC,4,40,no,0,
1,IRC01,20,EUCCHR,1,17,no,0,
1,IRC01,20,EUCCHR,2,23,no,0,
1,IRC01,N/A,CALMEN,1,24,no,0,
1,SS04,0,GILANG,1,12,no,0,
1,SS04,0,GILANG,2,2,no,0,
1,IRC01,25,EROCIC,1,28,no,0,
1,IRC01,25,EROCIC,2,30,no,0,
1,IRC01,25,EROCIC,3,37,no,0,
1,IRC01,25,EROCIC,4,41,no,0,
1,I50,N/A,DICCAP,1,200,yes,47,
1,I50,N/A,DICCAP,2,160,yes,53,
2,SS04,5,Vak White,1,49,yes,2,
2,SS04,45,Vak White,1,35,no,0,
2,SS04,15,LUPBIC,1,210,no,0,
2,SS04,15,LUPBIC,2,74,no,0,
2,SS04,15,LUPBIC,3,150,no,0,
2,SS04,10,EROBOT,1,13,no,0,
2,SS04,10,EROBOT,2,29,no,0,
1,I50,N/A,DICCAP,1,91,yes,38,
1,I50,N/A,DICCAP,2,36,yes,12,
1,I50,35,LUPBIC,1,13,no,0,
1,I50,35,LUPBIC,2,0,no,0,
1,I50,35,LUPBIC,3,0,no,0,
1,I50,35,LUPBIC,4,3,no,0,
1,GYP09,20,SALMEL,1,4,no,0,
1,GYP09,20,SALMEL,2,9,no,0,
1,GYP09,20,SALMEL,3,15,no,0,
1,GYP09,20,SALMEL,4,18,no,0,
1,GYP09,45,SALMEL,1,8,no,0,
1,GYP09,45,SALMEL,2,2,no,0,
1,GYP09,45,SALMEL,3,30,no,0,
1,GYP09,45,SALMEL,4,0,no,0,
1,GYP09,45,SALMEL,5,23,no,0,
1,GYP09,5,KECANT,1,20,no,0,
1,GYP09,5,KECANT,2,62,no,0,
1,GYP09,5,KECANT,3,86,no,0,
1,GYP09,5,KECANT,4,39,no,0,
1,GYP09,5,KECANT,5,93,no,0,
1,IRC08,0,BRANIG,1,16,no,0,
1,IRC08,0,BRANIG,2,29,no,0,
1,IRC08,0,BRANIG,3,37,no,0,
1,IRC08,0,BRANIG,4,30,no,0,
2,GYP08,5,SALMEL,1,9,yes,1,
2,GYP08,5,SALMEL,2,13,no,0,
2,GYP08,5,SALMEL,5,5,no,0,
2,GYP08,5,SALMEL,4,9,no,0,
2,GYP08,5,SALMEL,3,7,no,0,
2,IRC23,N/A,BRANIG,1,170,no,0,
2,IRC23,N/A,BRANIG,2,180,yes,1,
2,IRC23,N/A,BRANIG,3,150,no,0,
1,IRC13,10,ACMMAR,1,310,no,0,
1,IRC13,10,ACMMAR,2,400,no,0,
1,IRC13,10,ACMMAR,3,380,no,0,
1,IRC13,N/A,ACMGLA,1,170,no,0,
1,IRC13,N/A,ACMGLA,2,51,no,0,
1,IRC13,N/A,ACMGLA,3,19,no,0,
1,IRC13,15,ACMMAR,1,160,no,0,
1,IRC13,15,ACMMAR,2,450,no,0,
1,IRC13,10,HIRINC,1,160,no,0,
1,IRC13,10,HIRINC,2,170,no,0,
1,IRC13,10,HIRINC,3,89,no,0,
1,IRC13,15,HIRINC,1,62,no,0,
1,IRC13,15,HIRINC,2,60,no,0,
1,IRC13,15,HIRINC,4,5,no,0,
1,IRC13,15,HIRINC,3,97,no,0,
1,IRC13,N/A,HIRINC,1,102,no,0,
1,IRC13,N/A,HIRINC,2,36,no,0,
1,IRC13,N/A,HIRINC,3,7,no,0,
1,I20,5,ESCCAL,1,890,no,0,
2,GYP01,15,ESCCAL,1,430,no,0,
1,GYP09,N/A,PHA?,1,9,no,0,
1,GYP09,N/A,PHA,2,16,no,0,
1,GYP09,N/A,PHA?,3,11,no,0,
1,I02,20,HIRINC,1,280,yes,3,
1,I02,20,HIRINC,2,143,no,0,
1,I02,5,HIRINC,1,180,no,0,
1,I02,40,HIRINC,1,109,no,0,
2,BD21,30,PHA (White),1,14,no,0,
2,BD21,30,PHA (White),2,8,no,0,
2,IRC23,0,PHARAR,1,7,no,0,
2,IRC23,0,PHARAR,2,19,no,0,
2,BD21,N/A,EMMPEN,1,180,no,0,
2,BD21,N/A,EMMPEN,2,20,no,0,
1,BD21,20,EUCCHR,1,76,no,0,
1,BD21,20,EUCCHR,2,17,no,0,
1,BD21,20,EUCCHR,3,62,no,0,
1,IRC13,N/A,CAMISSONIA,1,180,no,0,
1,IRC13,N/A,CAMISSONIA,2,190,no,0,
1,IRC13,N/A,CAMISSONIA,1,250,no,0,
1,IRC13,N/A,CAMISSONIA,2,300,no,0,
1,IRC13,N/A,CALMAC,1,39,no,0,
1,IRC13,N/A,CAMISSONIA,1,230,no,0,
1,IRC13,N/A,CAMISSONIA,1,240,no,0,
1,IRC13,N/A,CAMISSONIA,2,170,no,0,
1,IRC13,N/A,CAMISSONIA,3,200,no,0,
2,BD21,10,KECANT,1,39,no,0,
2,BD21,10,KECANT,2,52,no,0,
2,BD21,10,KECANT,3,43,no,0,
2,BD21,10,KECANT,4,55,no,0,
2,BD21,25,Pha (White),1,9,no,0,
2,BD21,25,Pha (White),2,13,no,0,
2,BD21,25,Pha (White),3,7,no,0,
1,BD21,N/A,BRANIG,1,83,no,0,
1,BD21,N/A,BRANIG,2,70,no,0,
1,BD21,N/A,BRANIG,3,59,no,0,
1,BD21,N/A,BRANIG,6,48,no,0,
1,BD21,N/A,BRANIG,4,84,no,0,
1,BD21,N/A,BRANIG,5,56,no,0,
1,IRC13,N/A,LUP TRE/SOC,1,28,no,0,
1,IRC13,N/A,LUP TRE/SOC,2,31,no,0,
1,IRC13,N/A,LUP TRE/SOC,4,37,no,0,
1,IRC13,N/A,LUP TRE/SOC,3,30,no,0,
2,IRC23,10,PHARAR,1,42,no,0,
2,IRC23,10,PHARAR,2,51,no,0,
2,IRC23,10,PHARAR,3,46,no,0,
1,BD21,N/A,BRANIG,1,69,no,0,
1,BD21,N/A,BRANIG,2,104,no,0,
1,BD21,N/A,BRANIG,3,77,no,0,
1,BKR10,N/A,DICCAP,1,79,no,0,
1,BKR10,N/A,DICCAP,2,28,no,0,
1,BKR10,N/A,DICCAP,1,150,no,0,
1,BKR10,N/A,DICCAP,2,240,no,0,
1,I50,15,GILANG,1,5,yes,1,
1,I50,15,GILANG,2,85,yes,6,
1,I50,15,GILANG,3,23,yes,5,
3,SS05,5,CALMAC,1,58,no,0,
3,SS05,5,CALMAC,2,41,no,0,
3,SS05,25,CALMAC,3,35,no,0,
3,SS05,25,CALMAC,4,52,no,0,
3,SS05,25,CALMAC,1,34,no,0,
3,SS05,25,CALMAC,2,70,no,0,
3,SS05,25,CALMAC,3,27,no,0,
3,SS05,25,CALMAC,4,41,no,0,
2,SS04,15,EROCIC,1,7,no,0,
2,SS04,15,EROCIC,2,34,no,0,
2,SS04,15,EROCIC,3,11,no,0,
2,SS05,N/A,ENCCAL,1,230,yes,13,
2,SS05,N/A,ENCCAL,2,270,yes,9,
2,SS05,N/A,ENCCAL,3,71,yes,2,
2,SS05,N/A,ENCCAL,4,150,yes,4,
2,SS05,N/A,ENCCAL,5,98,no,0,
2,SS05,N/A,ENCCAL,7,34,no,0,
2,SS05,N/A,ENCCAL,6,21,no,0,
2,SS05,N/A,ENCCAL,8,17,no,0,
2,SS05,N/A,ENCCAL,9,40,no,0,
2,SS05,N/A,ENCCAL,10,102,yes,3,
3,I40,0,ENCCAL,1,62,yes,2,
3,I40,0,ENCCAL,2,29,no,0,
3,I40,0,ENCCAL,3,56,no,0,
3,I40,0,ENCCAL,4,72,yes,1,
3,I40,0,ENCCAL,5,47,no,0,
3,IRC01,25,CALMAC,1,18,no,0,
3,IRC01,25,CALMAC,2,54,no,0,
2,SS03,20,CALMAC,1,67,yes,1,
2,SS03,20,CALMAC,2,18,yes,4,
2,SS03,20,CALMAC,3,39,yes,6,
1,I50,N/A,CALCIL,2,203,yes,8,
1,I50,N/A,CALCIL,3,57,yes,1,
1,I50,N/A,CALCIL,1,130,yes,1,
2,SS03,30,CALMAC,1,2,no,0,
2,SS03,30,CALMAC,3,32,no,0,
2,SS03,30,CALMAC,2,104,no,0,
2,SS03,25,CALMAC,N/A,45,no,0,
2,SS04,5,CALMAC,1,59,yes,3,
1,SS05,45,SALMEL,4,3,yes,3,
2,GYP01,5,GILANG,N/A,163,no,0,
2,GYP01,N/A,GILANG,N/A,357,yes,61,
2,GYP01,N/A,GILANG,1,154,no,0,
2,GYP01,N/A,GILANG,4,179,yes,41,
2,GYP01,N/A,GILANG,2,219,no,0,
2,GYP01,N/A,GILANG,3,4,no,0,
2,GYP08,N/A,PHACIC,2,45,yes,16,
2,GYP08,N/A,PHACIC,1,53,no,0,
2,GYP08,N/A,PHACIC,3,41,no,0,
2,SS03,45,CALMAC,3,16,no,0,
2,SS03,45,CALMAC,1,77,no,0,
2,SS03,45,CALMAC,2,45,no,0,
2,SS04,25,CALMAC,1,49,no,0,
2,SS04,25,CALMAC,2,257,no,0,
2,SS04,25,CALMAC,3,53,no,0,
2,SS03,45,CALMAC,1,17,no,0,
2,SS03,45,CALMAC,2,46,no,0,
2,SS04,20,CALMAC,1,95,no,0,
2,SS04,20,CALMAC,2,105,no,0,
1,BKR10,0,EROBRA,1,26,yes,1,
1,BKR10,0,EROBRA,2,27,no,0,
1,BKR10,0,EROBRA,3,24,no,0,
1,BKR10,0,EROBRA,4,3,no,0,
1,SS05,20,MIRLAE,n/a,40,no,0,
1,I50,30,EROCIC,1,34,yes,1,
1,I50,30,EROCIC,2,28,no,0,
2,BKR07,35,GILANG,1,183,yes,2,
2,BKR07,35,GILANG,2,7,no,0,
2,BKR07,35,GILANG,3,18,no,0,
2,BKR07,35,GILANG,4,176,yes,2,
2,BKR07,35,GILANG,5,55,yes,3,
2,BKR07,N/A,TRI,1,117,yes,3,
2,BKR07,N/A,TRI,2,67,yes,14,
2,BKR07,N/A,TRI,1,266,yes,2,
2,IRC01,N/A,DICCAP,1,381,yes,23,
2,IRC01,N/A,DICCAP,2,335,yes,1,
2,IRC01,N/A,DICCAP,3,952,yes,3,
1,I20,45,ERO,1,29,no,0,
1,I20,45,ERO,2,46,no,0,
1,I20,45,ERO,3,5,yes,1,
1,I20,45,ERO,4,24,yes,1,
1,I20,45,ERO,5,15,yes,3,
1,I20,45,ERO,6,64,no,0,
2,IRC01,N/A,ANAARV,1,86,no,0,
2,IRC01,N/A,ANAARV,2,151,no,0,
2,IRC01,N/A,ANAARV,3,61,no,0,
2,IRC01,N/A,ANAARV,4,246,no,0,
2,IRC01,N/A,ANAARV,5,98,no,0,
2,IRC01,N/A,ANAARV,6,138,no,0,
2,GYP08,N/A,EROBOT,1,26,no,0,
2,GYP08,N/A,EROBOT,2,48,no,0,
2,GYP08,N/A,EROBOT,3,47,no,0,
2,GYP01,N/A,SOLXAN,1,89,no,0,
2,GYP01,N/A,SOLXAN,2,57,no,0,
2,GYP01,N/A,SOLXAN,3,42,no,0,
2,GYP01,N/A,SOLXAN,4,146,yes,3,
2,GYP01,N/A,SOLXAN,5,174,no,0,
2,SS04,30,CALMAC,1,39,no,0,
2,SS04,30,CALMAC,2,268,no,0,
2,SS04,30,CALMAC,3,36,yes,1,
2,SS04,40,CALMAC,1,78,,0,
2,SS04,40,CALMAC,2,80,yes,1,
2,SS04,40,CALMAC,3,229,yes,1,
2,SS04,40,CALMAC,1,114,no,0,
2,SS04,40,CALMAC,2,61,no,0,
2,SS04,40,CALMAC,1,4,no,0,
2,SS04,40,CALMAC,2,5,no,0,
2,SS04,40,CALMAC,3,69,no,0,
2,SS04,15,CALMAC,1,142,yes,2,
2,SS04,15,CALMAC,2,29,no,0,
2,SS04,15,CALMAC,3,10,no,0,
2,SS04,15,CALMAC,1,5,no,0,
2,SS04,15,CALMAC,2,32,no,0,
2,SS04,15,CALMAC,1,98,no,0,
2,SS04,15,CALMAC,2,15,no,0,
2,GYP08,25,SALMEL,1,28,no,0,
2,GYP08,25,SALMEL,2,26,no,0,
2,IRC23,30,CALMAC,1,112,no,0,
2,IRC23,30,CALMAC,2,74,no,0,
2,IRC23,30,CALMAC,3,90,no,0,
2,IRC23,30,CALMAC,4,126,no,0,
2,IRC23,30,CALMAC,1,212,no,0,
2,IRC23,30,CALMAC,2,126,no,0,
2,IRC23,30,CALMAC,3,264,no,0,
2,IRC23,30,CALMAC,4,194,no,0,
2,IRC23,0,CALMAC,1,189,yes,2,
2,IRC23,0,CALMAC,2,178,no,0,
2,IRC23,0,CALMAC,3,83,yes,1,
2,IRC23,0,CALMAC,4,121,yes,2,
2,IRC23,0,CALMAC,1,134,no,0,
2,IRC23,0,CALMAC,2,86,no,0,
2,IRC23,0,CALMAC,3,107,no,0,
2,IRC23,0,CALMAC,4,450,yes,1,
2,IRC23,35,EROCIC,n/a,3,no,0,
2,IRC23,25,EROCIC,n/a,143,no,0,
1,I50,15,EROCIC,n/a,33,yes,1,
1,I50,N/A,EROCIC,1,66,no,0,
1,I50,N/A,EROCIC,2,2,no,0,
1,SS05,45,SALMEL,1,0,n/a,0,
1,SS05,45,SALMEL,2,0,n/a,0,
1,SS05,45,SALMEL,3,0,n/a,0,
1,SS05,45,SALMEL,4,3,no,0,
1,I50,35,EROCIC,1,84,no,0,
1,I50,35,EROCIC,2,18,no,0,
1,I50,35,EROCIC,3,4,no,0,
1,I50,25,EROCIC,1,91,yes,1,
1,I50,25,EROCIC,2,35,no,0,
1,I50,25,EROCIC,3,14,no,0,
1,I50,35,EROCIC,1,2,no,0,
1,I50,35,EROCIC,2,9,yes,1,
1,I50,25,EROBRA,1,5,no,0,
1,I50,25,EROBRA,2,32,no,0,
1,I50,25,EROBRA,3,14,no,0,
1,I50,25,EROBRA,4,6,yes,1,
1,I50,N/A,EROBOT,n/a,44,no,0,
1,I50,30,EROBRA,1,17,no,0,
1,I50,30,EROBRA,2,43,no,0,
1,I50,30,EROBRA,3,14,yes,2,
1,I50,25,EROBRA,1,24,yes,1,
1,I50,25,EROBRA,2,36,no,0,
1,I50,25,EROBRA,3,27,no,0,
1,I50,45,ACMGLA,n/a,429,no,0,
1,IRC08,45,EROCIC,1,30,no,0,
1,IRC08,45,EROCIC,2,54,yes,1,
1,IRC08,45,EROCIC,3,35,no,0,
1,IRC08,45,EROCIC,4,28,no,0,
1,IRC08,45,EROCIC,5,58,yes,6,
1,IRC08,45,EROCIC,6,50,no,0,
1,IRC08,45,SALMEL,1,2,no,0,
1,IRC08,45,SALMEL,2,1,no,0,
1,IRC08,45,SALMEL,3,4,no,0,
1,IRC08,45,SALMEL,4,0,no,0,
1,IRC08,45,SALMEL,5,3,no,0,
1,IRC08,40,EROCIC,1,98,no,0,
1,IRC08,40,EROCIC,2,18,no,0,
1,IRC08,40,EROCIC,3,56,no,0,
1,IRC08,40,EROCIC,4,66,no,0,
1,IRC08,15,MIRLAE,1,11,no,0,
1,IRC08,15,MIRLAE,2,4,no,0,
1,IRC08,15,MIRLAE,3,5, no,0,
1,IRC08,15,MIRLAE,4,21,no,0,
1,IRC08,15,MIRLAE,5,11,no,0,
1,IRC08,35,SALMEL,1,1,no,0,
1,IRC08,35,SALMEL,2,0, no,0,
1,IRC08,35,SALMEL,3,0,no,0,
1,IRC08,35,SALMEL,4,0,no,0,
1,IRC08,35,SALMEL,5,4,no,0,
1,IRC08,35,SALMEL,6,54,no,0,
1,IRC08,35,SALMEL,7,3,no,0,
1,IRC08,0,EROCIC,1,36,yes,9,
1,IRC08,0,EROCIC,2,50,yes,8,
1,IRC08,0,EROCIC,3,38,yes,24,
1,IRC08,20,SALMEL,1,0,no,0,
1,IRC08,20,SALMEL,2,1,no,0,
1,IRC08,20,SALMEL,3,1,no,0,
2,BD21,35,SALMEL,1,3,no,0,
2,BD21,35,SALMEL,2,1,no,0,
2,BD21,35,SALMEL,3,4,no,0,
2,BD21,35,SALMEL,4,2,no,0,
1,BKR10,N/A,ANAARV,1,81,no,0,
1,BKR10,N/A,ANAARV,2,84,no,0,
1,BKR10,N/A,ANAARV,3,55,no,0,
1,BKR10,N/A,ANAARV,4,182,no,0,
1,BKR10,N/A,ANAARV,5,75,no,0,
1,IRC08,N/A,PHACIC,1,2,no,0,
1,IRC08,N/A,PHACIC,2,3,no,0,
1,BKR10,0,EROBRA,1,9,no,0,
1,BKR10,0,EROBRA,2,4,no,0,
1,BKR10,0,EROBRA,3,25,no,0,
1,BKR10,0,EROBRA,4,61,no,0,
1,BKR10,0,EROBRA,5,13,no,0,
1,IRC08,10,EROCIC,1,72,no,0,
1,IRC08,10,EROCIC,2,78,no,0,
1,IRC08,10,EROCIC,3,106,no,0,
1,IRC08,10,EROCIC,4,70,no,0,
1,IRC08,10,EROCIC,5,20,no,0,
1,IRC08,10,EROCIC,6,36,no,0,
1,IRC08,30,EROCIC,1,39,no,0,
1,IRC08,30,EROCIC,2,83,no,0,
1,IRC08,30,EROCIC,3,66,no,0,
1,IRC08,25,EROCIC,1,105,no,0,
1,IRC08,25,EROCIC,2,50,no,0,
1,IRC08,25,EROCIC,3,116,no,0,
1,IRC08,30,EROCIC,1,81,yes,1,
1,IRC08,30,EROCIC,2,32,no,0,
1,IRC08,35,EROCIC,1,16,no,0,
1,IRC08,35,EROCIC,2,3,yes,1,
1,IRC23,30,EROCIC,1,28,no,0,
1,IRC23,30,EROCIC,2,22,no,0,
1,IRC23,30,EROCIC,3,18,no,0,
1,IRC23,30,EROCIC,4,47,no,0,
1,IRC23,30,EROCIC,5,52,no,0,
1,IRC23,25,PHAPAR,1,30,no,0,
1,IRC23,25,PHAPAR,2,35,no,0,
2,BKR10,30,SALMEL,1,2,no,0,
2,BKR10,30,SALMEL,2,1,no,0,
2,BKR10,30,SALMEL,3,0,no,0,
2,IRC23,0,SALMEL,1,12,no,0,
2,IRC23,0,SALMEL,2,4,no,0,
2,IRC23,0,SALMEL,3,5,yes,1,
2,IRC23,0,SALMEL,4,4,no,0,
2,IRC23,0,SALMEL,5,17,yes,1,
2,IRC23,10,EROCIC,1,3,no,0,
2,IRC23,10,EROCIC,2,10,no,0,
2,IRC23,10,EROCIC,3,82,yes,1,
2,IRC23,10,EROCIC,4,12,no,0,
2,IRC23,10,EROCIC,5,5,no,0,
2,BD21,0,SALMEL,1,1,no,0,
2,BD21,0,SALMEL,2,5,no,0,
2,BD21,0,SALMEL,3,2,no,0,
2,BD21,0,SALMEL,4,1,no,0,
2,BD21,0,SALMEL,5,26,no,0,
2,BD21,30,SALMEL,1,4,no,0,
2,BD21,30,SALMEL,2,1,no,0,
2,BD21,30,SALMEL,3,3,no,0,
2,BD21,30,SALMEL,4,4,no,0,
2,BD21,30,SALMEL,5,4,no,0,
2,BD21,30,SALMEL,1,4,no,0,
2,BD21,30,SALMEL,2,2,no,0,
2,BD21,30,SALMEL,3,4,no,0,
2,BD21,30,SALMEL,4,1,no,0,
2,BD21,30,SALMEL,5,18,no,0,
2,BD21,10,SALMEL,1,17,no,0,
2,BD21,10,SALMEL,2,14,no,0,
2,BD21,10,SALMEL,3,2,no,0,
2,BD21,10,SALMEL,4,6,no,0,
2,BD21,10,SALMEL,5,18,no,0,
2,BD21,10,SALMEL,6,10,no,0,
2,IRC23,5,EROCIC,1,5,no,0,
2,IRC23,5,EROCIC,2,5,no,0,
2,IRC23,5,EROCIC,3,35,no,0,
2,IRC23,5,EROCIC,4,7,no,0,
2,IRC23,5,EROCIC,5,2,no,0,
2,IRC23,5,EROCIC,6,0,n0,0,
2,IRC01,N/A,SALMEL,1,0,no,0,
2,IRC01,N/A,SALMEL,2,14,yes,2,
2,IRC01,N/A,SALMEL,3,7,no,0,
2,IRC01,N/A,SALMEL,4,2,no,0,
2,IRC01,N/A,SALMEL,5,0,no,0,
1,BKR10,45,SALMEL,1,0,no,0,
1,BKR10,45,SALMEL,2,0,no,0,
1,BKR10,45,SALMEL,3,0,no,0,
1,BKR10,45,SALMEL,4,0,no,0,
1,BKR10,45,SALMEL,5,1,no,0,
1,BKR10,45,SALMEL,6,0,no,0,
1,I50,0,SALMEL,1,0,no,0,
1,I50,0,SALMEL,2,33,no,0,
1,I50,0,SALMEL,3,12,no,0,
1,I50,0,SALMEL,4,0,no,0,
1,I50,0,SALMEL,5,0,no,0,
1,I50,0,SALMEL,6,1,no,0,
2,BD21,10,SALMEL,1,4,no,0,
2,BD21,10,SALMEL,2,37,no,0,
2,BD21,10,SALMEL,3,9,no,0,
2,BD21,10,SALMEL,4,79,no,0,
2,BD21,10,SALMEL,5,7,no,0,
1,I50,0,SALMEL,1,1,no,0,
1,I50,0,SALMEL,2,9,no,0,
1,I50,0,SALMEL,3,0,no,0,
1,I50,0,SALMEL,4,3,no,0,
1,I50,0,SALMEL,5,0,no,0,
1,I20,5,SALMEL,1,6,no,0,
1,I20,5,SALMEL,2,7,no,0,
1,I20,5,SALMEL,3,3,no,0,
1,I20,5,SALMEL,4,4,no,0,
1,I20,5,SALMEL,5,16,no,0,
1,IRC01,5,EUCCHR,1,53,no,0,
1,IRC01,5,EUCCHR,2,33,no,0,
1,IRC01,5,EUCCHR,3,38,no,0,
1,IRC01,5,EUCCHR,4,38,yes,1,
1,IRC01,5,EUCCHR,5,42,no,0,
1,IRC01,G35,EUCCHR,1,59,no,0,
1,IRC01,G35,EUCCHR,2,42,no,0,
1,IRC01,G35,EUCCHR,3,84,no,0,
1,IRC01,G35,EUCCHR,4,42,no,0,
1,IRC01,0,EROCIC,1,16,no,0,
1,IRC01,0,EROCIC,2,22,no,0,
1,IRC01,0,EROCIC,3,115,no,0,
1,IRC01,0,EROCIC,4,83,no,0,
1,IRC01,0,EROCIC,5,157,yes,38,
1,IRC01,G35,EUCCHR,1,52,no,0,
1,IRC01,G35,EUCCHR,2,66,no,0,
1,IRC01,G35,EUCCHR,3,56,no,0,
1,IRC01,G35,EUCCHR,4,73,no,0,
1,IRC01,5,EROCIC,1,66,no,0,
1,IRC01,5,EROCIC,2,34,yes,2,
1,IRC01,5,EROCIC,3,19,no,0,
1,IRC01,5,EROCIC,4,68,no,0,
2,SS04,25,GILANG,1,127,yes,1,
2,SS04,25,GILANG,2,84,yes,1,
2,SS04,25,GILANG,3,29,no,0,
2,SS04,25,GILANG,4,175,yes,2,
2,SS04,25,GILANG,5,7,no,0,
2,SS04,5,GILANG,1,68,no,0,
2,SS04,5,GILANG,2,191,no,0,
2,SS04,5,GILANG,3,350,no,0,
2,SS04,5,GILANG,4,212,no,0,
2,SS04,20,GILANG,1,41,no,0,
2,SS04,20,GILANG,2,153,no,0,
2,SS04,20,GILANG,3,88,no,1,
2,SS04,20,GILANG,4,154,yes,0,
2,SS04,20,GILANG,5,181,yes,1,
2,SS04,25,LUPBIC,1,22,no,0,
2,SS04,25,LUPBIC,2,92,no,0,
2,SS04,25,LUPBIC,3,600,no,0,
2,SS04,25,LUPBIC,4,300,no,0,
2,BD21,40,SALMEL,1,2,no,0,
2,BD21,40,SALMEL,2,4,no,0,
2,BD21,40,SALMEL,3,14,no,0,
2,BD21,40,SALMEL,4,67,no,0,
2,BD21,40,SALMEL,5,8,no,0,
2,BD21,20,SALMEL,1,4,no,0,
2,BD21,20,SALMEL,2,4,no,0,
2,BD21,20,SALMEL,3,17,no,0,
2,BD21,20,SALMEL,4,10,no,0,
2,BD21,20,SALMEL,5,8,no,0,
2,GYP01,N/A,SALMEL,1,15,no,0,
2,GYP01,N/A,SALMEL,2,0,no,0,
2,GYP01,N/A,SALMEL,3,13,no,0,
2,GYP01,N/A,SALMEL,4,3,no,0,
2,GYP01,N/A,SALMEL,5,16,no,0,
2,GYP01,45,SALMEL,1,5,no,0,
2,GYP01,45,SALMEL,2,0,no,0,
2,GYP01,45,SALMEL,3,2,no,0,
2,GYP01,45,SALMEL,4,0,no,0,
2,GYP01,45,SALMEL,5,5,no,0,
2,GYP08,25,SALMEL,1,3,yes,1,
2,GYP08,25,SALMEL,2,0,no,0,
2,GYP08,25,SALMEL,3,5,no,0,
2,GYP08,25,SALMEL,4,2,no,0,
2,GYP08,25,SALMEL,5,7,no,0,
1,IRC01,10,EROCIC,1,19,no,0,
1,IRC01,10,EROCIC,2,34,no,0,
1,IRC01,10,EROCIC,3,45,no,0,
1,IRC01,10,EROCIC,4,62,yes,1,
2,SS04,15,GILANG,1,115,no,0,
2,SS04,15,GILANG,2,430,yes,1,
1,SS05,N/A,GILANG,1,180,yes,1,
1,SS05,N/A,GILANG,2,127,no,0,
1,SS05,N/A,GILANG,3,121,yes,1,
1,SS05,N/A,GILANG,4,89,no,0,
1,I20,5,SALMEL,1,1,no,0,
1,I20,5,SALMEL,2,8,no,0,
1,I20,5,SALMEL,3,32,yes,3,
1,I20,5,SALMEL,4,10,no,0,
1,I20,5,SALMEL,5,18,no,0,
1,I20,N/A,SALMEL,1,24,no,0,
1,I20,N/A,SALMEL,2,6,yes,1,
1,I20,N/A,SALMEL,3,4,no,0,
1,I20,N/A,SALMEL,4,50,no,0,
1,I20,N/A,SALMEL,5,20,no,0,
1,BKR10,30,SALMEL,1,0,no,0,
1,BKR10,30,SALMEL,2,1,no,0,
1,BKR10,30,SALMEL,3,0,no,0,
1,BKR10,30,SALMEL,4,0,no,0,
1,BKR10,30,SALMEL,5,0,no,0,
1,BKR10,30,SALMEL,6,3,no,0,
1,BKR10,30,SALMEL,7,7,no,0,
1,BKR10,45,SALMEL,1,7,no,0,
1,BKR10,45,SALMEL,2,5,no,0,
1,BKR10,45,SALMEL,3,20,yes,1,
1,BKR10,45,SALMEL,4,0,no,0,
1,BKR10,45,SALMEL,5,7,no,0,
2,IRC01,35,EROCIC,1,30,no,0,
2,IRC01,35,EROCIC,2,81,yes,7,
2,IRC01,35,EROCIC,3,46,no,0,
2,IRC01,35,EROCIC,4,35,no,0,
2,IRC01,35,EROCIC,5,75,no,0,
2,IRC01,35,EROCIC,1,57,no,0,
2,IRC01,35,EROCIC,2,12,no,0,
2,IRC01,35,EROCIC,3,77,no,0,
2,IRC01,35,EROCIC,4,94,no,0,
1,I50,N/A,ANAARV,1,47,yes,1,
1,GYP09,30,SALMEL,1,18,no,0,
1,GYP09,30,SALMEL,2,2,no,0,
1,GYP09,30,SALMEL,3,2,no,0,
1,GYP09,30,SALMEL,4,9,yes,2,
1,GYP09,30,SALMEL,5,1,no,0,
2,GYP01,N/A,EROBOT,1,40,no,0,
2,GYP01,N/A,EROBOT,2,18,no,0,
2,GYP01,N/A,EROBOT,3,23,no,0,
2,GYP01,N/A,EROBOT,4,33,yes,15,
1,BKR10,N/A,SALMEL,1,0,no,0,
1,BKR10,N/A,SALMEL,2,11,no,0,
1,BKR10,N/A,SALMEL,3,1,no,0,
1,BKR10,N/A,SALMEL,4,0,no,0,
1,BKR10,N/A,SALMEL,5,5,no,0,
1,BKR10,N/A,SALMEL,6,7,no,0,
1,IRC01,15,EROCIC,1,84,no,0,
1,IRC01,15,EROCIC,2,21,no,0,
1,IRC01,15,EROCIC,3,48,no,0,
1,IRC01,15,EROCIC,4,27,no,0,
1,I50,N/A,SALMEL,1,8,no,0,
1,I50,N/A,SALMEL,2,10,no,0,
1,I50,N/A,SALMEL,3,13,no,0,
1,I50,N/A,SALMEL,4,27,no,0,
1,I50,N/A,SALMEL,5,21,no,0,
1,IRC13,10,EROCIC,1,20,no,0,
1,IRC13,10,EROCIC,2,15,no,0,
1,IRC13,10,EROCIC,3,11,no,0,
1,IRC13,10,EROCIC,4,26,no,0,
1,IRC13,10,EROCIC,5,18,yes,10,
1,I50,0,SALMEL,1,1,no,0,
1,I50,0,SALMEL,2,1,no,0,
1,I50,0,SALMEL,3,0,no,0,
1,I50,0,SALMEL,4,1,no,0,
1,I50,0,SALMEL,5,0,no,0,
1,BD21,20,SALMEL,1,6,no,0,
1,BD21,20,SALMEL,2,1,no,0,
1,BD21,20,SALMEL,3,14,no,0,
1,BD21,20,SALMEL,4,6,no,0,
1,BD21,20,SALMEL,5,5,no,0,
1,BD21,15,SALMEL,1,19,no,0,
1,BD21,15,SALMEL,2,56,no,0,
1,BD21,15,SALMEL,3,13,no,0,
1,BD21,15,SALMEL,4,6,no,0,
1,BD21,15,SALMEL,5,1,no,0,
1,BD21,15,SALMEL,6,9,no,0,
1,BD21,15,SALMEL,7,4,no,0,
1,BD21,0,SALMEL,1,0,no,0,
1,BD21,0,SALMEL,2,1,no,0,
1,BD21,0,SALMEL,3,0,no,0,
1,BD21,0,SALMEL,4,0,no,0,
1,BD21,0,SALMEL,5,0,no,0,
1,BD21,45,SALMEL,1,0,no,0,
1,BD21,45,SALMEL,2,1,no,0,
1,BD21,45,SALMEL,3,9,yes,3,
1,BD21,45,SALMEL,4,0,no,0,
1,BD21,45,SALMEL,5,11,no,0,
1,BD21,45,SALMEL,6,2,no,0,
1,BD21,45,SALMEL,7,1,no,0,
1,IRC13,N/A,chaenactis,1,48,no,0,
1,IRC13,N/A,chaenactis,2,133,no,0,
1,IRC13,N/A,chaenactis,3,330,no,0,
1,IRC13,N/A,chaenactis,4,155,no,0,
1,GYP09,30,SALMEL,1,40,no,0,
1,GYP09,30,SALMEL,2,9,no,0,
1,GYP09,30,SALMEL,3,3,no,0,
1,GYP09,30,SALMEL,4,8,no,0,
1,GYP09,30,SALMEL,5,11,no,0,
2,BD21,N/A,EUCCHR,1,66,no,0,
2,BD21,N/A,EUCCHR,2,41,no,0,
2,BD21,N/A,EUCCHR,3,82,no,0,
2,BD21,N/A,EUCCHR,4,60,no,0,
2,BD21,10,KECANT,1,0,no,0,
2,BD21,10,KECANT,2,0,no,0,
2,BD21,10,KECANT,3,8,no,0,
2,BD21,10,KECANT,4,400,no,0,
1,SS04,25-20,EROCIC,1,50,no,0,
1,SS04,25-20,EROCIC,2,18,yes,1,
1,SS04,25-20,EROCIC,3,12,yes,1,
1,SS04,25-20,EROCIC,4,2,no,0,
1,SS04,25-20,EROCIC,5,36,no,0,
1,SS04,25-20,EROCIC,6,113,yes,44,
1,SS04,25-20,EROCIC,7,30,no,0,
1,SS04,25-20,EROCIC,8,44,no,0,
2,IRC01,25,EROCIC,1,56,no,0,
2,IRC01,25,EROCIC,2,89,no,0,
2,IRC01,25,EROCIC,3,63,no,0,
2,IRC01,25,EROCIC,4,58,no,0,
2,IRC01,25,EROCIC,5,82,no,0,
2,GYP01,N/A,SALMEL,1,21,yes,1,
2,GYP01,N/A,SALMEL,2,0,no,0,
2,GYP01,N/A,SALMEL,3,6,no,0,
2,GYP01,N/A,SALMEL,4,10,no,0,
1,GYP09,35,SALMEL,1,1,no,0,
1,GYP09,35,SALMEL,2,4,no,0,
1,GYP09,35,SALMEL,3,2,no,0,
1,GYP09,35,SALMEL,4,0,no,0,
1,GYP09,35,SALMEL,5,0,no,0,
2,IRC01,10,EROCIC,1,84,no,0,
2,IRC01,10,EROCIC,2,60,no,0,
2,IRC01,10,EROCIC,3,90,no,0,
2,IRC01,10,EROCIC,4,60,no,0,
2,IRC01,10,EROCIC,5,63,no,0,
2,IRC01,0,EROCIC,1,60,no,0,
2,IRC01,0,EROCIC,2,65,no,0,
2,IRC01,0,EROCIC,3,65,no,0,
2,IRC01,0,EROCIC,4,82,no,0,
2,IRC01,0,EROCIC,5,67,yes,1,
1,IRC01,15,EROCIC,1,77,no,0,
1,IRC01,15,EROCIC,2,85,no,0,
1,IRC01,15,EROCIC,3,66,no,0,
1,IRC01,15,EROCIC,4,0,no,0,
1,IRC01,15,EROCIC,5,67,no,0,
2,IRC01,5,EROCIC,1,49,no,0,
2,IRC01,5,EROCIC,2,46,no,0,
2,IRC01,5,EROCIC,3,45,yes,3,
2,IRC01,5,EROCIC,4,55,no,0,
2,IRC01,5,EROCIC,5,113,no,0,
2,GYP01,N/A,SALMEL,1,19,no,0,
2,GYP01,N/A,SALMEL,2,5,no,0,
2,GYP01,N/A,SALMEL,3,8,no,0,
2,GYP01,N/A,SALMEL,4,14,no,0,
2,GYP01,N/A,SALMEL,5,1,no,0,
2,GYP01,N/A,SALMEL,1,14,yes,1,
2,GYP01,N/A,SALMEL,2,10,no,0,
2,GYP01,N/A,SALMEL,3,13,no,0,
2,GYP01,N/A,SALMEL,4,6,no,0,
2,GYP01,N/A,SALMEL,5,9,no,0,
1,GYP09,25,SALMEL,1,30,no,0,
1,GYP09,25,SALMEL,2,10,no,0,
1,GYP09,25,SALMEL,3,8,no,0,
1,GYP09,25,SALMEL,4,4,no,0,
1,GYP09,25,SALMEL,5,9,no,0,
1,GYP09,45,SALMEL,1,8,no,0,
1,GYP09,45,SALMEL,2,61,no,0,
1,GYP09,45,SALMEL,3,4,no,0,
1,GYP09,35,SALMEL,1,6,no,0,
1,GYP09,35,SALMEL,2,0,no,0,
1,GYP09,35,SALMEL,3,23,no,0,
1,GYP09,35,SALMEL,4,3,no,0,
1,IRC13,N/A,chaenactis,1,81,yes,22,
1,IRC13,N/A,chaenactis,2,154,yes,13,
1,IRC13,N/A,chaenactis,3,67,no,0,
1,IRC13,N/A,chaenactis,4,41,no,0,
1,IRC13,N/A,chaenactis,5,143,yes,3,
1,IRC13,N/A,chaenactis,6,42,yes,1,
1,IRC13,N/A,chaenactis,7,123,no,0,
1,IRC13,5,EROCIC,1,4,no,0,
1,IRC13,5,EROCIC,2,3,no,0,
1,IRC13,5,EROCIC,3,23,no,0,
1,IRC13,5,EROCIC,4,100,no,0,
1,IRC13,5,EROCIC,5,19,no,0,
1,IRC13,30,EROCIC,1,46,no,0,
1,IRC13,30,EROCIC,2,0,no,0,
1,IRC13,30,EROCIC,3,3,no,0,
1,IRC13,30,EROCIC,4,36,no,0,
1,IRC13,30,EROCIC,5,2,no,0,
1,BD21,30,EUCCHR,1,3,no,0,
1,BD21,30,EUCCHR,2,3,no,0,
1,BD21,30,EUCCHR,3,47,no,0,
1,BD21,30,EUCCHR,4,23,no,0,
1,I02,N/A,SALMEL,1,1,no,0,
1,I02,N/A,SALMEL,2,2,no,0,
1,I02,N/A,SALMEL,3,0,no,0,
1,I02,N/A,SALMEL,4,3,yes,1,
1,I02,N/A,SALMEL,5,0,no,0,
1,I02,N/A,SALMEL,6,2,no,0,
1,GYP09,25,SALMEL,1,4,yes,1,
1,GYP09,25,SALMEL,2,60,no,0,
1,GYP09,25,SALMEL,3,9,no,0,
1,GYP09,25,SALMEL,4,13,no,0,
1,GYP09,25,SALMEL,5,21,no,0,
1,I02,N/A,Lup,1,1,no,0,
1,I02,N/A,Lup,2,6,yes,2,
1,I02,N/A,Lup,3,61,yes,6,
1,GYP09,N/A,EROCIC,1,25,yes,1,
1,GYP09,N/A,EROCIC,2,111,yes,1,
1,GYP09,N/A,EROCIC,3,64,no,0,
1,GYP09,N/A,EROCIC,4,47,yes,5,
1,I02,N/A,EROCIC,1,31,no,0,
1,I02,N/A,EROCIC,2,26,no,0,
1,I02,N/A,EROCIC,3,30,no,0,
1,I02,N/A,EROCIC,4,50,no,0,
1,I02,N/A,SALMEL,1,3,yes,2,
1,I02,N/A,SALMEL,2,8,no,0,
1,I02,N/A,SALMEL,3,27,yes,2,
1,I02,N/A,SALMEL,4,13,yes,2,
1,I02,N/A,SALMEL,5,9,yes,1,
1,I02,N/A,SALMEL,6,30,yes,3,
1,I02,N/A,SALMEL,7,1,yes,1,
1,GYP09,20,SALMEL,1,2,no,0,
1,GYP09,20,SALMEL,2,25,no,0,
1,GYP09,20,SALMEL,3,0,no,0,
1,GYP09,20,SALMEL,4,2,no,0,
1,GYP09,20,SALMEL,5,11,no,0,
1,I02,25,EROCIC,1,4,no,0,
1,I02,25,EROCIC,2,0,no,0,
1,I02,25,EROCIC,3,1,no,0,
1,I02,25,EROCIC,4,22,yes,3,
1,I02,25,EROCIC,5,0,no,0,
1,GYP04,N/A,ERICRA,1,6,no,0,
1,GYP04,N/A,ERICRA,2,1,no,0,
1,GYP04,N/A,ERICRA,3,1,no,0,
1,GYP04,N/A,ERICRA,4,0,no,0,
1,IRC13,45,EROCIC,1,24,no,0,
1,IRC13,45,EROCIC,2,79,no,0,
1,IRC13,45,EROCIC,3,68,no,0,
1,IRC13,45,EROCIC,4,47,no,0,
2,IRC23,N/A,EUCCHR,1,0,no,0,
2,IRC23,N/A,EUCCHR,2,70,no,0,
2,IRC23,N/A,EUCCHR,3,9,no,0,
2,IRC23,10,PHAPAR,1,9,no,0,
2,IRC23,10,PHAPAR,2,66,no,0,
2,IRC23,10,PHAPAR,3,105,no,0,
2,IRC23,10,PHAPAR,1,18,no,0,
2,IRC23,10,PHAPAR,2,11,no,0,
2,IRC23,10,PHAPAR,3,33,yes,1,
1,SS05,40,SALMEL,1,1,no,0,
1,SS05,40,SALMEL,2,1,no,0,
1,SS05,40,SALMEL,3,6,no,0,
1,SS05,40,SALMEL,4,1,no,0,
1,SS05,40,SALMEL,5,0,no,0,
1,SS05,40,SALMEL,6,2,no,0,
1,SS05,25,EROCIC,1,18,no,0,
1,SS05,25,EROCIC,2,9,no,0,
1,SS05,25,EROCIC,3,1,no,0,
1,SS05,25,EROCIC,4,92,no,0,
1,SS05,25,EROCIC,5,71,no,0,
1,IRC23,15,EROCIC,1,4,yes,3,
1,IRC23,15,EROCIC,2,4,no,0,
1,IRC23,15,EROCIC,3,54,yes,1,
1,IRC23,15,EROCIC,4,67,no,0,
1,IRC23,15,EROCIC,5,42,yes,10,
1,I08,20,EROCIC,1,113,yes,2,
1,I08,20,EROCIC,2,105,yes,2,
1,I08,20,EROCIC,3,116,yes,1,
1,I08,20,EROCIC,4,93,yes,4,
1,I08,20,EROCIC,5,62,yes,4,
1,I40,5,SALMEL,1,25,yes,4,
1,I40,5,SALMEL,2,47,yes,6,
1,I40,5,SALMEL,3,0,no,0,